category,category url,main class,class url
女生衣著,https://shopee.tw/女生衣著-cat.62,T恤,https://shopee.tw/T恤-cat.62.2164
女生衣著,https://shopee.tw/女生衣著-cat.62,小可愛/背心,https://shopee.tw/小可愛-背心-cat.62.2165
女生衣著,https://shopee.tw/女生衣著-cat.62,上衣類,https://shopee.tw/上衣類-cat.62.1473
女生衣著,https://shopee.tw/女生衣著-cat.62,帽T/大學T,https://shopee.tw/帽T-大學T-cat.62.2560
女生衣著,https://shopee.tw/女生衣著-cat.62,襯衫,https://shopee.tw/襯衫-cat.62.1475
女生衣著,https://shopee.tw/女生衣著-cat.62,針織/毛衣,https://shopee.tw/針織-毛衣-cat.62.2561
女生衣著,https://shopee.tw/女生衣著-cat.62,洋裝,https://shopee.tw/洋裝-cat.62.1485
女生衣著,https://shopee.tw/女生衣著-cat.62,短褲,https://shopee.tw/短褲-cat.62.1481
女生衣著,https://shopee.tw/女生衣著-cat.62,長褲,https://shopee.tw/長褲-cat.62.1479
女生衣著,https://shopee.tw/女生衣著-cat.62,裙子,https://shopee.tw/裙子-cat.62.1483
女生衣著,https://shopee.tw/女生衣著-cat.62,外套,https://shopee.tw/外套-cat.62.1487
女生衣著,https://shopee.tw/女生衣著-cat.62,休閒運動服飾,https://shopee.tw/休閒運動服飾-cat.62.2170
女生衣著,https://shopee.tw/女生衣著-cat.62,多件式套裝,https://shopee.tw/多件式套裝-cat.62.1477
女生衣著,https://shopee.tw/女生衣著-cat.62,泳衣/比基尼,https://shopee.tw/泳衣-比基尼-cat.62.1489
女生衣著,https://shopee.tw/女生衣著-cat.62,內睡衣,https://shopee.tw/內睡衣-cat.62.1495
女生衣著,https://shopee.tw/女生衣著-cat.62,其他,https://shopee.tw/其他-cat.62.302
女生衣著,https://shopee.tw/女生衣著-cat.62,大尺碼,https://shopee.tw/大尺碼-cat.62.11935
3C,https://shopee.tw/3C-cat.69,筆記型電腦,https://shopee.tw/筆記型電腦-cat.69.2156
3C,https://shopee.tw/3C-cat.69,電腦零組件,https://shopee.tw/電腦零組件-cat.69.1563
3C,https://shopee.tw/3C-cat.69,鍵盤滑鼠,https://shopee.tw/鍵盤滑鼠-cat.69.11445
3C,https://shopee.tw/3C-cat.69,電腦周邊配件,https://shopee.tw/電腦周邊配件-cat.69.11457
3C,https://shopee.tw/3C-cat.69,儲存裝置,https://shopee.tw/儲存裝置-cat.69.1569
3C,https://shopee.tw/3C-cat.69,相機,https://shopee.tw/相機-cat.69.1567
3C,https://shopee.tw/3C-cat.69,相機周邊配件,https://shopee.tw/相機周邊配件-cat.69.2178
3C,https://shopee.tw/3C-cat.69,單眼/專業相機,https://shopee.tw/單眼-專業相機-cat.69.11496
3C,https://shopee.tw/3C-cat.69,鏡頭,https://shopee.tw/鏡頭-cat.69.2608
3C,https://shopee.tw/3C-cat.69,穿戴/智能裝置,https://shopee.tw/穿戴-智能裝置-cat.69.2682
3C,https://shopee.tw/3C-cat.69,耳機/喇叭/麥克風,https://shopee.tw/耳機-喇叭-麥克風-cat.69.11443
3C,https://shopee.tw/3C-cat.69,其他,https://shopee.tw/其他-cat.69.298
3C,https://shopee.tw/3C-cat.69,螢幕顯示器,https://shopee.tw/螢幕顯示器-cat.69.19865
女鞋,https://shopee.tw/女鞋-cat.64,跟鞋,https://shopee.tw/跟鞋-cat.64.1825
女鞋,https://shopee.tw/女鞋-cat.64,厚底鞋、楔型鞋,https://shopee.tw/厚底鞋、楔型鞋-cat.64.1831
女鞋,https://shopee.tw/女鞋-cat.64,平底鞋,https://shopee.tw/平底鞋-cat.64.1827
女鞋,https://shopee.tw/女鞋-cat.64,涼鞋、拖鞋,https://shopee.tw/涼鞋、拖鞋-cat.64.1829
女鞋,https://shopee.tw/女鞋-cat.64,靴子,https://shopee.tw/靴子-cat.64.1833
女鞋,https://shopee.tw/女鞋-cat.64,其他,https://shopee.tw/其他-cat.64.299
女鞋,https://shopee.tw/女鞋-cat.64,休閒鞋、帆布鞋,https://shopee.tw/休閒鞋、帆布鞋-cat.64.17157
女鞋,https://shopee.tw/女鞋-cat.64,鞋材用品,https://shopee.tw/鞋材用品-cat.64.17156
汽機車零件百貨,https://shopee.tw/汽機車零件百貨-cat.10076,汽車與零組件,https://shopee.tw/汽車與零組件-cat.10076.10077
汽機車零件百貨,https://shopee.tw/汽機車零件百貨-cat.10076,汽車百貨,https://shopee.tw/汽車百貨-cat.10076.10078
汽機車零件百貨,https://shopee.tw/汽機車零件百貨-cat.10076,機車與零組件,https://shopee.tw/機車與零組件-cat.10076.10080
汽機車零件百貨,https://shopee.tw/汽機車零件百貨-cat.10076,機車百貨,https://shopee.tw/機車百貨-cat.10076.10082
汽機車零件百貨,https://shopee.tw/汽機車零件百貨-cat.10076,機車騎士用品,https://shopee.tw/機車騎士用品-cat.10076.10084
汽機車零件百貨,https://shopee.tw/汽機車零件百貨-cat.10076,導航、行車紀錄器,https://shopee.tw/導航、行車紀錄器-cat.10076.10086
汽機車零件百貨,https://shopee.tw/汽機車零件百貨-cat.10076,車身標誌、貼紙,https://shopee.tw/車身標誌、貼紙-cat.10076.13881
汽機車零件百貨,https://shopee.tw/汽機車零件百貨-cat.10076,汽機車美容用品,https://shopee.tw/汽機車美容用品-cat.10076.13878
汽機車零件百貨,https://shopee.tw/汽機車零件百貨-cat.10076,汽車,https://shopee.tw/汽車-cat.10076.15280
汽機車零件百貨,https://shopee.tw/汽機車零件百貨-cat.10076,機車,https://shopee.tw/機車-cat.10076.13876
汽機車零件百貨,https://shopee.tw/汽機車零件百貨-cat.10076,輪胎&輪框,https://shopee.tw/輪胎-輪框-cat.10076.16281
汽機車零件百貨,https://shopee.tw/汽機車零件百貨-cat.10076,汽車影音設備,https://shopee.tw/汽車影音設備-cat.10076.16590
汽機車零件百貨,https://shopee.tw/汽機車零件百貨-cat.10076,維修工具,https://shopee.tw/維修工具-cat.10076.17297
汽機車零件百貨,https://shopee.tw/汽機車零件百貨-cat.10076,油品,https://shopee.tw/油品-cat.10076.18418
代買代購,https://shopee.tw/代買代購-cat.76,日本食品代購,https://shopee.tw/日本食品代購-cat.76.2642
代買代購,https://shopee.tw/代買代購-cat.76,韓國食品代購,https://shopee.tw/韓國食品代購-cat.76.2645
代買代購,https://shopee.tw/代買代購-cat.76,日本藥妝代購,https://shopee.tw/日本藥妝代購-cat.76.2640
代買代購,https://shopee.tw/代買代購-cat.76,韓國美妝代購,https://shopee.tw/韓國美妝代購-cat.76.2644
代買代購,https://shopee.tw/代買代購-cat.76,日本居家代購,https://shopee.tw/日本居家代購-cat.76.2801
代買代購,https://shopee.tw/代買代購-cat.76,韓國居家代購,https://shopee.tw/韓國居家代購-cat.76.2800
代買代購,https://shopee.tw/代買代購-cat.76,日本迪士尼代購,https://shopee.tw/日本迪士尼代購-cat.76.2639
代買代購,https://shopee.tw/代買代購-cat.76,韓國流行代購,https://shopee.tw/韓國流行代購-cat.76.2643
代買代購,https://shopee.tw/代買代購-cat.76,日本其他代購,https://shopee.tw/日本其他代購-cat.76.2691
代買代購,https://shopee.tw/代買代購-cat.76,韓國其他代購,https://shopee.tw/韓國其他代購-cat.76.2692
代買代購,https://shopee.tw/代買代購-cat.76,歐美流行代購,https://shopee.tw/歐美流行代購-cat.76.2693
代買代購,https://shopee.tw/代買代購-cat.76,泰國代購,https://shopee.tw/泰國代購-cat.76.2190
代買代購,https://shopee.tw/代買代購-cat.76,歐美精品代購,https://shopee.tw/歐美精品代購-cat.76.2694
代買代購,https://shopee.tw/代買代購-cat.76,香港代購,https://shopee.tw/香港代購-cat.76.2189
代買代購,https://shopee.tw/代買代購-cat.76,其他國家代購,https://shopee.tw/其他國家代購-cat.76.294
男生衣著,https://shopee.tw/男生衣著-cat.63,T恤,https://shopee.tw/T恤-cat.63.1519
男生衣著,https://shopee.tw/男生衣著-cat.63,長褲,https://shopee.tw/長褲-cat.63.1527
男生衣著,https://shopee.tw/男生衣著-cat.63,外套,https://shopee.tw/外套-cat.63.1533
男生衣著,https://shopee.tw/男生衣著-cat.63,運動服飾,https://shopee.tw/運動服飾-cat.63.2171
男生衣著,https://shopee.tw/男生衣著-cat.63,短褲,https://shopee.tw/短褲-cat.63.1529
男生衣著,https://shopee.tw/男生衣著-cat.63,帽T、大學T,https://shopee.tw/帽T、大學T-cat.63.2573
男生衣著,https://shopee.tw/男生衣著-cat.63,男性內著,https://shopee.tw/男性內著-cat.63.1535
男生衣著,https://shopee.tw/男生衣著-cat.63,Polo衫,https://shopee.tw/Polo衫-cat.63.1523
男生衣著,https://shopee.tw/男生衣著-cat.63,襯衫,https://shopee.tw/襯衫-cat.63.1521
男生衣著,https://shopee.tw/男生衣著-cat.63,背心,https://shopee.tw/背心-cat.63.1525
男生衣著,https://shopee.tw/男生衣著-cat.63,丹寧牛仔,https://shopee.tw/丹寧牛仔-cat.63.1539
男生衣著,https://shopee.tw/男生衣著-cat.63,毛衣、針織衫,https://shopee.tw/毛衣、針織衫-cat.63.14278
男生衣著,https://shopee.tw/男生衣著-cat.63,其他,https://shopee.tw/其他-cat.63.301
居家生活,https://shopee.tw/居家生活-cat.73,餐廚,https://shopee.tw/餐廚-cat.73.1601
居家生活,https://shopee.tw/居家生活-cat.73,收納,https://shopee.tw/收納-cat.73.1605
居家生活,https://shopee.tw/居家生活-cat.73,傢俱,https://shopee.tw/傢俱-cat.73.1597
居家生活,https://shopee.tw/居家生活-cat.73,寢具,https://shopee.tw/寢具-cat.73.1599
居家生活,https://shopee.tw/居家生活-cat.73,五金修繕,https://shopee.tw/五金修繕-cat.73.2184
居家生活,https://shopee.tw/居家生活-cat.73,浴室,https://shopee.tw/浴室-cat.73.1603
居家生活,https://shopee.tw/居家生活-cat.73,日用品,https://shopee.tw/日用品-cat.73.2182
居家生活,https://shopee.tw/居家生活-cat.73,水壺、杯子,https://shopee.tw/水壺、杯子-cat.73.2686
居家生活,https://shopee.tw/居家生活-cat.73,居家裝飾,https://shopee.tw/居家裝飾-cat.73.2181
居家生活,https://shopee.tw/居家生活-cat.73,居家香氛,https://shopee.tw/居家香氛-cat.73.2183
居家生活,https://shopee.tw/居家生活-cat.73,文具,https://shopee.tw/文具-cat.73.1609
居家生活,https://shopee.tw/居家生活-cat.73,園藝植作,https://shopee.tw/園藝植作-cat.73.2621
居家生活,https://shopee.tw/居家生活-cat.73,燈具,https://shopee.tw/燈具-cat.73.2618
居家生活,https://shopee.tw/居家生活-cat.73,居安防護,https://shopee.tw/居安防護-cat.73.16291
居家生活,https://shopee.tw/居家生活-cat.73,其他,https://shopee.tw/其他-cat.73.296
居家生活,https://shopee.tw/居家生活-cat.73,電動工具,https://shopee.tw/電動工具-cat.73.19985
男鞋,https://shopee.tw/男鞋-cat.1859,涼鞋、拖鞋,https://shopee.tw/涼鞋、拖鞋-cat.1859.1867
男鞋,https://shopee.tw/男鞋-cat.1859,休閒鞋、帆布鞋,https://shopee.tw/休閒鞋、帆布鞋-cat.1859.1861
男鞋,https://shopee.tw/男鞋-cat.1859,皮鞋、靴子,https://shopee.tw/皮鞋、靴子-cat.1859.1869
男鞋,https://shopee.tw/男鞋-cat.1859,鞋材用品,https://shopee.tw/鞋材用品-cat.1859.7889
男鞋,https://shopee.tw/男鞋-cat.1859,其他,https://shopee.tw/其他-cat.1859.1860
寵物,https://shopee.tw/寵物-cat.1657,外出用品,https://shopee.tw/外出用品-cat.1657.1663
寵物,https://shopee.tw/寵物-cat.1657,寵物零食,https://shopee.tw/寵物零食-cat.1657.2698
寵物,https://shopee.tw/寵物-cat.1657,貓飼料,https://shopee.tw/貓飼料-cat.1657.2672
寵物,https://shopee.tw/寵物-cat.1657,狗飼料,https://shopee.tw/狗飼料-cat.1657.2671
寵物,https://shopee.tw/寵物-cat.1657,其他寵物食品,https://shopee.tw/其他寵物食品-cat.1657.2673
寵物,https://shopee.tw/寵物-cat.1657,寵物用品,https://shopee.tw/寵物用品-cat.1657.2205
寵物,https://shopee.tw/寵物-cat.1657,寵物玩具,https://shopee.tw/寵物玩具-cat.1657.2674
寵物,https://shopee.tw/寵物-cat.1657,寵物服飾,https://shopee.tw/寵物服飾-cat.1657.1661
寵物,https://shopee.tw/寵物-cat.1657,水族相關,https://shopee.tw/水族相關-cat.1657.2675
寵物,https://shopee.tw/寵物-cat.1657,其他,https://shopee.tw/其他-cat.1657.1658
寵物,https://shopee.tw/寵物-cat.1657,鳥類相關,https://shopee.tw/鳥類相關-cat.1657.20265
寵物,https://shopee.tw/寵物-cat.1657,鼠兔相關,https://shopee.tw/鼠兔相關-cat.1657.20263
寵物,https://shopee.tw/寵物-cat.1657,寵物營養保健品,https://shopee.tw/寵物營養保健品-cat.1657.20261
其他類別,https://shopee.tw/其他類別-cat.68,客製商品,https://shopee.tw/客製商品-cat.68.1671
其他類別,https://shopee.tw/其他類別-cat.68,成人專區,https://shopee.tw/成人專區-cat.68.1673
其他類別,https://shopee.tw/其他類別-cat.68,派對小物,https://shopee.tw/派對小物-cat.68.1669
其他類別,https://shopee.tw/其他類別-cat.68,點數貼紙,https://shopee.tw/點數貼紙-cat.68.2678
其他類別,https://shopee.tw/其他類別-cat.68,其他,https://shopee.tw/其他-cat.68.287
美妝保健,https://shopee.tw/美妝保健-cat.67,開架流行清潔保養,https://shopee.tw/開架流行清潔保養-cat.67.15401
美妝保健,https://shopee.tw/美妝保健-cat.67,開架流行彩妝,https://shopee.tw/開架流行彩妝-cat.67.15730
美妝保健,https://shopee.tw/美妝保健-cat.67,專櫃清潔保養,https://shopee.tw/專櫃清潔保養-cat.67.15614
美妝保健,https://shopee.tw/美妝保健-cat.67,專櫃彩妝,https://shopee.tw/專櫃彩妝-cat.67.15701
美妝保健,https://shopee.tw/美妝保健-cat.67,醫美清潔保養,https://shopee.tw/醫美清潔保養-cat.67.15668
美妝保健,https://shopee.tw/美妝保健-cat.67,美髮護理,https://shopee.tw/美髮護理-cat.67.1549
美妝保健,https://shopee.tw/美妝保健-cat.67,身體清潔、保養,https://shopee.tw/身體清潔、保養-cat.67.1547
美妝保健,https://shopee.tw/美妝保健-cat.67,香水、香氛,https://shopee.tw/香水、香氛-cat.67.2659
美妝保健,https://shopee.tw/美妝保健-cat.67,手足保養、美甲,https://shopee.tw/手足保養、美甲-cat.67.1551
美妝保健,https://shopee.tw/美妝保健-cat.67,保健食品、營養品,https://shopee.tw/保健食品、營養品-cat.67.10286
美妝保健,https://shopee.tw/美妝保健-cat.67,私密清潔保養,https://shopee.tw/私密清潔保養-cat.67.10350
美妝保健,https://shopee.tw/美妝保健-cat.67,美容工具,https://shopee.tw/美容工具-cat.67.1557
美妝保健,https://shopee.tw/美妝保健-cat.67,男士保養,https://shopee.tw/男士保養-cat.67.1553
美妝保健,https://shopee.tw/美妝保健-cat.67,其他,https://shopee.tw/其他-cat.67.292
家電影音,https://shopee.tw/家電影音-cat.71,生活家電,https://shopee.tw/生活家電-cat.71.2627
家電影音,https://shopee.tw/家電影音-cat.71,電視機,https://shopee.tw/電視機-cat.71.2625
家電影音,https://shopee.tw/家電影音-cat.71,美容/健康家電,https://shopee.tw/美容-健康家電-cat.71.2628
家電影音,https://shopee.tw/家電影音-cat.71,影音設備,https://shopee.tw/影音設備-cat.71.2623
家電影音,https://shopee.tw/家電影音-cat.71,廚房家電,https://shopee.tw/廚房家電-cat.71.2624
家電影音,https://shopee.tw/家電影音-cat.71,音響、喇叭,https://shopee.tw/音響、喇叭-cat.71.2626
家電影音,https://shopee.tw/家電影音-cat.71,大型家電,https://shopee.tw/大型家電-cat.71.11894
家電影音,https://shopee.tw/家電影音-cat.71,其他,https://shopee.tw/其他-cat.71.289
家電影音,https://shopee.tw/家電影音-cat.71,季節家電,https://shopee.tw/季節家電-cat.71.19448
女生包包/精品,https://shopee.tw/女生包包-精品-cat.65,後背包,https://shopee.tw/後背包-cat.65.1803
女生包包/精品,https://shopee.tw/女生包包-精品-cat.65,側背包/肩背包,https://shopee.tw/側背包-肩背包-cat.65.1805
女生包包/精品,https://shopee.tw/女生包包-精品-cat.65,手提/托特包,https://shopee.tw/手提-托特包-cat.65.1801
女生包包/精品,https://shopee.tw/女生包包-精品-cat.65,皮夾,https://shopee.tw/皮夾-cat.65.1799
女生包包/精品,https://shopee.tw/女生包包-精品-cat.65,名牌精品包,https://shopee.tw/名牌精品包-cat.65.1807
女生包包/精品,https://shopee.tw/女生包包-精品-cat.65,其他,https://shopee.tw/其他-cat.65.300
女生包包/精品,https://shopee.tw/女生包包-精品-cat.65,帆布包,https://shopee.tw/帆布包-cat.65.18843
女生包包/精品,https://shopee.tw/女生包包-精品-cat.65,斜背包,https://shopee.tw/斜背包-cat.65.19527
娛樂、收藏,https://shopee.tw/娛樂、收藏-cat.75,公仔、模型,https://shopee.tw/公仔、模型-cat.75.1589
娛樂、收藏,https://shopee.tw/娛樂、收藏-cat.75,書籍,https://shopee.tw/書籍-cat.75.1593
娛樂、收藏,https://shopee.tw/娛樂、收藏-cat.75,明星偶像商品,https://shopee.tw/明星偶像商品-cat.75.1591
娛樂、收藏,https://shopee.tw/娛樂、收藏-cat.75,LEGO與積木,https://shopee.tw/LEGO與積木-cat.75.13982
娛樂、收藏,https://shopee.tw/娛樂、收藏-cat.75,玩偶、娃娃,https://shopee.tw/玩偶、娃娃-cat.75.2204
娛樂、收藏,https://shopee.tw/娛樂、收藏-cat.75,收藏、紀念品,https://shopee.tw/收藏、紀念品-cat.75.1587
娛樂、收藏,https://shopee.tw/娛樂、收藏-cat.75,CD&DVD,https://shopee.tw/CD-DVD-cat.75.2187
娛樂、收藏,https://shopee.tw/娛樂、收藏-cat.75,卡、票,https://shopee.tw/卡、票-cat.75.2688
娛樂、收藏,https://shopee.tw/娛樂、收藏-cat.75,玉、水晶、石,https://shopee.tw/玉、水晶、石-cat.75.2687
娛樂、收藏,https://shopee.tw/娛樂、收藏-cat.75,樂器,https://shopee.tw/樂器-cat.75.2186
娛樂、收藏,https://shopee.tw/娛樂、收藏-cat.75,其他,https://shopee.tw/其他-cat.75.295
娛樂、收藏,https://shopee.tw/娛樂、收藏-cat.75,玩具,https://shopee.tw/玩具-cat.75.2185
娛樂、收藏,https://shopee.tw/娛樂、收藏-cat.75,文化創意周邊,https://shopee.tw/文化創意周邊-cat.75.19055
手機平板與周邊,https://shopee.tw/手機平板與周邊-cat.70,Apple空機,https://shopee.tw/Apple空機-cat.70.2683
手機平板與周邊,https://shopee.tw/手機平板與周邊-cat.70,Android空機,https://shopee.tw/Android空機-cat.70.2609
手機平板與周邊,https://shopee.tw/手機平板與周邊-cat.70,平板電腦,https://shopee.tw/平板電腦-cat.70.1573
手機平板與周邊,https://shopee.tw/手機平板與周邊-cat.70,耳機喇叭,https://shopee.tw/耳機喇叭-cat.70.2684
手機平板與周邊,https://shopee.tw/手機平板與周邊-cat.70,行動電源,https://shopee.tw/行動電源-cat.70.1575
手機平板與周邊,https://shopee.tw/手機平板與周邊-cat.70,iPhone保護貼,https://shopee.tw/iPhone保護貼-cat.70.2612
手機平板與周邊,https://shopee.tw/手機平板與周邊-cat.70,iPhone保護殼,https://shopee.tw/iPhone保護殼-cat.70.2611
手機平板與周邊,https://shopee.tw/手機平板與周邊-cat.70,iPhone充電傳輸,https://shopee.tw/iPhone充電傳輸-cat.70.1577
手機平板與周邊,https://shopee.tw/手機平板與周邊-cat.70,Android保護貼,https://shopee.tw/Android保護貼-cat.70.2685
手機平板與周邊,https://shopee.tw/手機平板與周邊-cat.70,Android保護殼,https://shopee.tw/Android保護殼-cat.70.2613
手機平板與周邊,https://shopee.tw/手機平板與周邊-cat.70,Android充電傳輸,https://shopee.tw/Android充電傳輸-cat.70.7981
手機平板與周邊,https://shopee.tw/手機平板與周邊-cat.70,手機周邊配件,https://shopee.tw/手機周邊配件-cat.70.1579
手機平板與周邊,https://shopee.tw/手機平板與周邊-cat.70,電話、儲值卡,https://shopee.tw/電話、儲值卡-cat.70.2615
手機平板與周邊,https://shopee.tw/手機平板與周邊-cat.70,其他,https://shopee.tw/其他-cat.70.297
手機平板與周邊,https://shopee.tw/手機平板與周邊-cat.70,其他廠牌手機,https://shopee.tw/其他廠牌手機-cat.70.2610
手機平板與周邊,https://shopee.tw/手機平板與周邊-cat.70,手遊周邊配件,https://shopee.tw/手遊周邊配件-cat.70.16766
手機平板與周邊,https://shopee.tw/手機平板與周邊-cat.70,穿戴裝置,https://shopee.tw/穿戴裝置-cat.70.16765
手機平板與周邊,https://shopee.tw/手機平板與周邊-cat.70,拍照周邊,https://shopee.tw/拍照周邊-cat.70.16764
女生配件,https://shopee.tw/女生配件-cat.2580,襪子,https://shopee.tw/襪子-cat.2580.2590
女生配件,https://shopee.tw/女生配件-cat.2580,帽子,https://shopee.tw/帽子-cat.2580.2582
女生配件,https://shopee.tw/女生配件-cat.2580,髮飾,https://shopee.tw/髮飾-cat.2580.2586
女生配件,https://shopee.tw/女生配件-cat.2580,項鍊,https://shopee.tw/項鍊-cat.2580.2581
女生配件,https://shopee.tw/女生配件-cat.2580,手環,https://shopee.tw/手環-cat.2580.2583
女生配件,https://shopee.tw/女生配件-cat.2580,圍巾、手套,https://shopee.tw/圍巾、手套-cat.2580.2587
女生配件,https://shopee.tw/女生配件-cat.2580,耳環,https://shopee.tw/耳環-cat.2580.2584
女生配件,https://shopee.tw/女生配件-cat.2580,眼鏡,https://shopee.tw/眼鏡-cat.2580.2588
女生配件,https://shopee.tw/女生配件-cat.2580,手錶,https://shopee.tw/手錶-cat.2580.2589
女生配件,https://shopee.tw/女生配件-cat.2580,戒指,https://shopee.tw/戒指-cat.2580.2585
女生配件,https://shopee.tw/女生配件-cat.2580,吊飾,https://shopee.tw/吊飾-cat.2580.2591
女生配件,https://shopee.tw/女生配件-cat.2580,國際精品配件,https://shopee.tw/國際精品配件-cat.2580.18851
女生配件,https://shopee.tw/女生配件-cat.2580,皮帶/腰帶,https://shopee.tw/皮帶-腰帶-cat.2580.18849
女生配件,https://shopee.tw/女生配件-cat.2580,黃金,https://shopee.tw/黃金-cat.2580.18863
女生配件,https://shopee.tw/女生配件-cat.2580,鑽石,https://shopee.tw/鑽石-cat.2580.18861
女生配件,https://shopee.tw/女生配件-cat.2580,珠寶/玉石,https://shopee.tw/珠寶-玉石-cat.2580.18865
女生配件,https://shopee.tw/女生配件-cat.2580,其他,https://shopee.tw/其他-cat.2580.2592
戶外與運動用品,https://shopee.tw/戶外與運動用品-cat.1611,登山、露營,https://shopee.tw/登山、露營-cat.1611.2637
戶外與運動用品,https://shopee.tw/戶外與運動用品-cat.1611,戶外休閒用品,https://shopee.tw/戶外休閒用品-cat.1611.1613
戶外與運動用品,https://shopee.tw/戶外與運動用品-cat.1611,運動用品,https://shopee.tw/運動用品-cat.1611.1615
戶外與運動用品,https://shopee.tw/戶外與運動用品-cat.1611,健身運動器材,https://shopee.tw/健身運動器材-cat.1611.1621
戶外與運動用品,https://shopee.tw/戶外與運動用品-cat.1611,腳踏車、自行車,https://shopee.tw/腳踏車、自行車-cat.1611.2638
戶外與運動用品,https://shopee.tw/戶外與運動用品-cat.1611,游泳,https://shopee.tw/游泳-cat.1611.15648
戶外與運動用品,https://shopee.tw/戶外與運動用品-cat.1611,行李箱,https://shopee.tw/行李箱-cat.1611.2155
戶外與運動用品,https://shopee.tw/戶外與運動用品-cat.1611,旅行相關用品,https://shopee.tw/旅行相關用品-cat.1611.2188
戶外與運動用品,https://shopee.tw/戶外與運動用品-cat.1611,戶外服飾/鞋/配件,https://shopee.tw/戶外服飾-鞋-配件-cat.1611.14266
戶外與運動用品,https://shopee.tw/戶外與運動用品-cat.1611,雨衣、雨具,https://shopee.tw/雨衣、雨具-cat.1611.2690
戶外與運動用品,https://shopee.tw/戶外與運動用品-cat.1611,其他,https://shopee.tw/其他-cat.1611.1612
戶外與運動用品,https://shopee.tw/戶外與運動用品-cat.1611,運動鞋款,https://shopee.tw/運動鞋款-cat.1611.17426
戶外與運動用品,https://shopee.tw/戶外與運動用品-cat.1611,運動服飾/帽襪,https://shopee.tw/運動服飾-帽襪-cat.1611.17400
戶外與運動用品,https://shopee.tw/戶外與運動用品-cat.1611,運動能量補給品,https://shopee.tw/運動能量補給品-cat.1611.19641
服務、票券,https://shopee.tw/服務、票券-cat.74,禮券,https://shopee.tw/禮券-cat.74.1631
服務、票券,https://shopee.tw/服務、票券-cat.74,餐券,https://shopee.tw/餐券-cat.74.1629
服務、票券,https://shopee.tw/服務、票券-cat.74,活動門票,https://shopee.tw/活動門票-cat.74.1633
服務、票券,https://shopee.tw/服務、票券-cat.74,旅遊票券,https://shopee.tw/旅遊票券-cat.74.1627
服務、票券,https://shopee.tw/服務、票券-cat.74,儲值、充值卡,https://shopee.tw/儲值、充值卡-cat.74.2647
服務、票券,https://shopee.tw/服務、票券-cat.74,服務、課程,https://shopee.tw/服務、課程-cat.74.2648
服務、票券,https://shopee.tw/服務、票券-cat.74,其他,https://shopee.tw/其他-cat.74.293
嬰幼童與母親,https://shopee.tw/嬰幼童與母親-cat.100,嬰幼兒裝與配件,https://shopee.tw/嬰幼兒裝與配件-cat.100.2196
嬰幼童與母親,https://shopee.tw/嬰幼童與母親-cat.100,嬰兒鞋、襪,https://shopee.tw/嬰兒鞋、襪-cat.100.2697
嬰幼童與母親,https://shopee.tw/嬰幼童與母親-cat.100,女童童裝,https://shopee.tw/女童童裝-cat.100.2663
嬰幼童與母親,https://shopee.tw/嬰幼童與母親-cat.100,女童配件,https://shopee.tw/女童配件-cat.100.2664
嬰幼童與母親,https://shopee.tw/嬰幼童與母親-cat.100,男童童裝,https://shopee.tw/男童童裝-cat.100.2661
嬰幼童與母親,https://shopee.tw/嬰幼童與母親-cat.100,男童配件,https://shopee.tw/男童配件-cat.100.2662
嬰幼童與母親,https://shopee.tw/嬰幼童與母親-cat.100,孕婦裝及用品,https://shopee.tw/孕婦裝及用品-cat.100.1639
嬰幼童與母親,https://shopee.tw/嬰幼童與母親-cat.100,兒童玩具,https://shopee.tw/兒童玩具-cat.100.1643
嬰幼童與母親,https://shopee.tw/嬰幼童與母親-cat.100,哺育用品,https://shopee.tw/哺育用品-cat.100.2198
嬰幼童與母親,https://shopee.tw/嬰幼童與母親-cat.100,清潔護理,https://shopee.tw/清潔護理-cat.100.2200
嬰幼童與母親,https://shopee.tw/嬰幼童與母親-cat.100,外出用品,https://shopee.tw/外出用品-cat.100.1645
嬰幼童與母親,https://shopee.tw/嬰幼童與母親-cat.100,嬰幼童家具、寢具,https://shopee.tw/嬰幼童家具、寢具-cat.100.2199
嬰幼童與母親,https://shopee.tw/嬰幼童與母親-cat.100,嬰幼兒居家防護,https://shopee.tw/嬰幼兒居家防護-cat.100.8366
嬰幼童與母親,https://shopee.tw/嬰幼童與母親-cat.100,其他,https://shopee.tw/其他-cat.100.291
男生包包與配件,https://shopee.tw/男生包包與配件-cat.1837,錢包、皮件,https://shopee.tw/錢包、皮件-cat.1837.1841
男生包包與配件,https://shopee.tw/男生包包與配件-cat.1837,後背包,https://shopee.tw/後背包-cat.1837.1845
男生包包與配件,https://shopee.tw/男生包包與配件-cat.1837,手錶,https://shopee.tw/手錶-cat.1837.1839
男生包包與配件,https://shopee.tw/男生包包與配件-cat.1837,側背/斜背包,https://shopee.tw/側背-斜背包-cat.1837.1843
男生包包與配件,https://shopee.tw/男生包包與配件-cat.1837,帽子,https://shopee.tw/帽子-cat.1837.1855
男生包包與配件,https://shopee.tw/男生包包與配件-cat.1837,飾品,https://shopee.tw/飾品-cat.1837.2175
男生包包與配件,https://shopee.tw/男生包包與配件-cat.1837,襪子,https://shopee.tw/襪子-cat.1837.2578
男生包包與配件,https://shopee.tw/男生包包與配件-cat.1837,眼鏡,https://shopee.tw/眼鏡-cat.1837.1853
男生包包與配件,https://shopee.tw/男生包包與配件-cat.1837,手提包,https://shopee.tw/手提包-cat.1837.1847
男生包包與配件,https://shopee.tw/男生包包與配件-cat.1837,圍巾、手套,https://shopee.tw/圍巾、手套-cat.1837.1857
男生包包與配件,https://shopee.tw/男生包包與配件-cat.1837,其他,https://shopee.tw/其他-cat.1837.1838
男生包包與配件,https://shopee.tw/男生包包與配件-cat.1837,男仕精品包包配件,https://shopee.tw/男仕精品包包配件-cat.1837.20589
男生包包與配件,https://shopee.tw/男生包包與配件-cat.1837,皮帶、領帶,https://shopee.tw/皮帶、領帶-cat.1837.20587
美食、伴手禮,https://shopee.tw/美食、伴手禮-cat.66,休閒零食,https://shopee.tw/休閒零食-cat.66.2209
美食、伴手禮,https://shopee.tw/美食、伴手禮-cat.66,飲料、沖泡品,https://shopee.tw/飲料、沖泡品-cat.66.1653
美食、伴手禮,https://shopee.tw/美食、伴手禮-cat.66,進口零食,https://shopee.tw/進口零食-cat.66.15926
美食、伴手禮,https://shopee.tw/美食、伴手禮-cat.66,熟食、小吃,https://shopee.tw/熟食、小吃-cat.66.1649
美食、伴手禮,https://shopee.tw/美食、伴手禮-cat.66,米、麵食,https://shopee.tw/米、麵食-cat.66.15920
美食、伴手禮,https://shopee.tw/美食、伴手禮-cat.66,蛋糕、甜點,https://shopee.tw/蛋糕、甜點-cat.66.1647
美食、伴手禮,https://shopee.tw/美食、伴手禮-cat.66,烘焙食材、南北雜貨,https://shopee.tw/烘焙食材、南北雜貨-cat.66.8411
美食、伴手禮,https://shopee.tw/美食、伴手禮-cat.66,生鮮食品,https://shopee.tw/生鮮食品-cat.66.1651
美食、伴手禮,https://shopee.tw/美食、伴手禮-cat.66,其他,https://shopee.tw/其他-cat.66.290
遊戲王,https://shopee.tw/遊戲王-cat.72,主機遊戲,https://shopee.tw/主機遊戲-cat.72.14591
遊戲王,https://shopee.tw/遊戲王-cat.72,掌上型電玩,https://shopee.tw/掌上型電玩-cat.72.8086
遊戲王,https://shopee.tw/遊戲王-cat.72,桌遊,https://shopee.tw/桌遊-cat.72.2633
遊戲王,https://shopee.tw/遊戲王-cat.72,手機遊戲,https://shopee.tw/手機遊戲-cat.72.14639
遊戲王,https://shopee.tw/遊戲王-cat.72,電腦遊戲,https://shopee.tw/電腦遊戲-cat.72.14617
遊戲王,https://shopee.tw/遊戲王-cat.72,遊戲周邊商品,https://shopee.tw/遊戲周邊商品-cat.72.14627
遊戲王,https://shopee.tw/遊戲王-cat.72,其他,https://shopee.tw/其他-cat.72.288
遊戲王,https://shopee.tw/遊戲王-cat.72,虛擬點數,https://shopee.tw/虛擬點數-cat.72.13987
