Shopee,Jam Tangan,Jam Tangan Pria,CaymanJamTanganPriaKoreaFashionMenDigitalWatchSW020,Rp59.000,Rp19.000 - Rp23.500,4.4,2253,766,3373,J&T Express Rp0 - Rp10.000 Diterima dalam 2-3 hari kerja Gratis Ongkir dengan belanja min. Rp90.000
Shopee,Jam Tangan,Jam Tangan Pria,JAMTANGANPRIAWWOORAntiAir50mUltraTipisKasualAnalog,Rp198.000,Rp170.280,4.7,1364,375,3506,Standar Ekspres Rp10.000Rp0 Diterima dalam 7-13 hari kerja Potongan pengiriman sampai Rp10.000 dengan belanja min. Rp90.000
Shopee,Jam Tangan,Jam Tangan Pria,TURUNHARGAFREEBOXBATERAIJAMTANGANPRIAGSHOCKDUALTIMEGG1000GK001GSHOCKJAMTANGANMURAH,Rp72.000 - Rp125.000,Rp72.000,4.7,4630,1070,4809,GO-SEND SAME DAY Rp0 - Rp15.000 Diterima dalam 1-2 hari kerja Gratis Ongkir dengan belanja min. Rp150.000
Shopee,Jam Tangan,Jam Tangan Pria,JamTanganPriaSKMEIORIGINALSKMEI1206SKMEI,Rp70.000,Rp56.000,4.8,1865,348,2565,J&T Express Rp16.000 - Rp36.000 Diterima dalam 5-10 hari kerja Potongan pengiriman sampai Rp20.000 dengan belanja min. Rp90.000
Shopee,Jam Tangan,Jam Tangan Pria,JamTanganLEDLayarSentuhUntukPriadanWanita,0,Rp65.000,4.3,1278,22,10462,Standar Ekspres Rp0 - Rp10.000 Diterima dalam 7-13 hari kerja Potongan pengiriman sampai Rp10.000 dengan belanja min. Rp90.000
Shopee,Jam Tangan,Jam Tangan Pria,JAMTANGANPRIAELEGANTALIKULITRIPCURLCRONOVARIASITANGGALAKTIFFASHIONPRIA,Rp110.000,Rp90.000,4.3,244,287,1117,Standar Ekspres Rp10.000Rp0 Diterima dalam 7-13 hari kerja Potongan pengiriman sampai Rp10.000 dengan belanja min. Rp90.000
Shopee,Jam Tangan,Jam Tangan Pria,JamQQJellyAngka,Rp37.000,Rp16.000,4.8,3285,684,3417,GO-SEND SAME DAY Rp0 - Rp15.000 Diterima dalam 1-2 hari kerja Gratis Ongkir dengan belanja min. Rp150.000
Shopee,Jam Tangan,Jam Tangan Pria,BESTSELLERJAMGSHOCKDUALTIMEGWGJamTanganPriaGShock2Time,Rp70.000 - Rp100.000,Rp65.100 - Rp70.000,4.5,3548,832,5895,J&T Express Rp0 - Rp10.000 Diterima dalam 2-3 hari kerja Gratis Ongkir dengan belanja min. Rp90.000
Shopee,Jam Tangan,Jam Tangan Pria,6WARNAFREEBOXKANCINGMAXELLJAMTANGANPRIAMURAHCASIOGSHOCKGSHOCKDUALTIMEGWG1000GK002,Rp125.000,Rp90.000,4.7,3542,271,3174,GO-SEND SAME DAY Rp0 - Rp15.000 Diterima dalam 1-2 hari kerja Gratis Ongkir dengan belanja min. Rp150.000
Shopee,Jam Tangan,Jam Tangan Pria,JamTanganSportPriaSKMEILaser1243HitamImporOriginalMurahTahanAir5ATM,Rp123.536,Rp74.122,4.7,1568,125,2730,JNE REG Rp0 - Rp15.000 Diterima dalam 3-4 hari kerja Gratis Ongkir dengan belanja min. Rp90.000
Shopee,Jam Tangan,Jam Tangan Pria,TGBJamTanganAnakDanRemajaUniversalRubberTransparent52,Rp19.500,Rp17.160 - Rp19.500,4.6,868,48,3435,J&T Express Rp16.000 - Rp36.000 Diterima dalam 5-10 hari kerja Potongan pengiriman sampai Rp20.000 dengan belanja min. Rp90.000
Shopee,Jam Tangan,Jam Tangan Pria,SaintCostieJamTanganPriaBodySilverBlackDialSC5320GSBStainlessStellBand,Rp375.000,Rp76.500,4.6,2849,1869,4078,GO-SEND SAME DAY Rp0 - Rp15.000 Diterima dalam 1-2 hari kerja Gratis Ongkir dengan belanja min. Rp90.000
Shopee,Jam Tangan,Jam Tangan Pria,FREEBOXKANCINGJamtanganPriaQuicksilverTanggalhariKulitSuper,Rp130.000 - Rp150.000,Rp79.000 - Rp100.000,4.5,1966,188,3299,J&T Express Rp10.000 Diterima dalam 3-4 hari kerja
Shopee,Jam Tangan,Jam Tangan Pria,JamTanganPriaKorekElektrikUSBHadiahApiRokokCigarreteLighterWatchJamTanganAnalog,Rp90.000,Rp81.900,4.8,1751,2105,1693,J&T Express Rp0 - Rp10.000 Diterima dalam 2-3 hari kerja Gratis Ongkir dengan belanja min. Rp90.000
Shopee,Jam Tangan,Jam Tangan Pria,FLASHSALE27AGT9SEPTANTIAIRTERMURAHJamtangancasiopriaGSHOCKCX016,Rp70.000 - Rp100.000,Rp70.000,4.7,2178,398,3164,J&T Express Rp10.000Rp0 Diterima dalam 2-3 hari kerja
Shopee,Jam Tangan,Jam Tangan Pria,CasioOriginalreadyallvariasiMQ247B2JamTanganUnisexStrapKaret3cm,Rp253.000,Rp149.900,4.7,1483,38,3627,JNE REG Rp9.000Rp0 Diterima dalam 2-3 hari kerja
Shopee,Jam Tangan,Jam Tangan Pria,SKMEIJamTanganPria1016AnalogLEDAD1016Waterproof,Rp95.000,Rp79.000,4.6,2086,284,2605,GO-SEND SAME DAY Rp0 - Rp15.000 Diterima dalam 1-2 hari kerja Gratis Ongkir dengan belanja min. Rp90.000
Shopee,Jam Tangan,Jam Tangan Pria,JamTanganQuickSilverKulit,Rp150.000,Rp65.000,4.5,1021,329,1784,GO-SEND SAME DAY Rp0 - Rp15.000 Diterima dalam 1-2 hari kerja Gratis Ongkir dengan belanja min. Rp150.000
Shopee,Jam Tangan,Jam Tangan Pria,QQOriginalreadysemuanyaQQJamTanganAnalogPriaStrapKulitFreetalirantaipasir,Rp299.000,Rp145.000,4.8,1572,199,4683,J&T Express Rp10.000Rp0 Diterima dalam 2-3 hari kerja Gratis Ongkir dengan belanja min. Rp90.000
Shopee,Jam Tangan,Jam Tangan Pria,JamTanganLEDDigitalAntiAirdenganStrapSilikonJamTanganUnisex,Rp35.200,Rp21.800,4.4,746,512,1770,Standar Ekspres Rp0 - Rp10.000 Diterima dalam 7-13 hari kerja Potongan pengiriman sampai Rp10.000 dengan belanja min. Rp90.000
Shopee,Jam Tangan,Jam Tangan Pria,CasioOriginalSemuaVariasiF91WF91W1D1DGJamTanganPriaDigitalKaretHitam,Rp249.000,Rp139.000,4.8,875,194,1386,GO-SEND SAME DAY Rp15.000Rp0 Diterima dalam 1-2 hari kerja
Shopee,Jam Tangan,Jam Tangan Pria,JAMTANGANMURAHPRIAgSHOCKDUALTIMEGWG1000,Rp70.000 - Rp100.000,Rp65.000 - Rp70.000,4.5,1427,429,1867,J&T Express Rp0 - Rp10.000 Diterima dalam 2-3 hari kerja Gratis Ongkir dengan belanja min. Rp90.000
Shopee,Jam Tangan,Jam Tangan Pria,JamTanganQuartzDigitalLEDPriaBergayaTentaraSportDenganAlarmTahanAir,Rp76.000,Rp57.000,4.6,2154,320,4735,Standar Ekspres Rp0 - Rp10.000 Diterima dalam 6-12 hari kerja Potongan pengiriman sampai Rp10.000 dengan belanja min. Rp90.000
Shopee,Jam Tangan,Jam Tangan Pria,JamTanganPriaSKMEI1016MenDigitalLEDAnalogDualTimeAntiAir50M,Rp100.000,Rp78.900 - Rp79.800,4.5,951,421,1256,J&T Express Rp0 - Rp10.000 Diterima dalam 2-3 hari kerja Gratis Ongkir dengan belanja min. Rp90.000
Shopee,Jam Tangan,Jam Tangan Pria,PROMO1212JamtanganPriaGShockGG1000,Rp70.000 - Rp100.000,Rp70.000,4.6,2989,3609,3553,J&T Express Rp10.000Rp0 Diterima dalam 2-3 hari kerja
Shopee,Jam Tangan,Jam Tangan Pria,INDOLANDREADYSTOCKJAMTANGANLEDDIGITALIMPORMURAH,Rp20.000,Rp8.000,4.6,2001,4138,1497,J&T Express Rp16.000 - Rp36.000 Diterima dalam 5-10 hari kerja Potongan pengiriman sampai Rp20.000 dengan belanja min. Rp90.000
Shopee,Jam Tangan,Jam Tangan Pria,SaintCostieJamTanganPriaBodySilverWhiteDialSc5320GSWStainlessStellBand,Rp375.000,Rp76.500,4.7,915,347,1479,GO-SEND SAME DAY Rp0 - Rp15.000 Diterima dalam 1-2 hari kerja Gratis Ongkir dengan belanja min. Rp90.000
Shopee,Jam Tangan,Jam Tangan Pria,JamTanganPriaSKMEIORIGINALSKMEI1206SKMEITHIN,Rp295.000,Rp59.000,4.5,2497,354,3241,J&T Express Rp0 - Rp10.000 Diterima dalam 2-3 hari kerja Gratis Ongkir dengan belanja min. Rp90.000
Shopee,Jam Tangan,Jam Tangan Pria,NewProductJamTanganPriaDualTimeSkmeiCasioMenSportOriginalAd1117MerahFreeOngkir,0,Rp150.000,4.5,116,114,1182,JNE REG Rp9.000Rp0 Diterima dalam 2-3 hari kerja Gratis Ongkir dengan belanja min. Rp150.000
Shopee,Jam Tangan,Jam Tangan Pria,GTJamTanganPriaSportKoreaFashionQuartzMenSilikonWatchSW034,Rp61.000,Rp21.000,4.7,1117,696,1693,J&T Express Rp0 - Rp10.000 Diterima dalam 2-3 hari kerja Gratis Ongkir dengan belanja min. Rp90.000
Shopee,Jam Tangan,Jam Tangan Pria,BayarDiTempatJamTanganLEDDigitalPriaMultifungsiOlahragaMiliterJamTahanAir,Rp138.000,Rp99.600,4.4,2041,106,8078,
Shopee,Jam Tangan,Jam Tangan Pria,JAMTANGANPRIAELEGANTALIKULITRIPCURLCRONOVARIASITANGGALAKTIFFASHIONPRIA,Rp129.000,Rp74.900,4.5,248,180,1441,Standar Ekspres Rp0 - Rp10.000 Diterima dalam 7-13 hari kerja Potongan pengiriman sampai Rp10.000 dengan belanja min. Rp90.000
Shopee,Jam Tangan,Jam Tangan Pria,JamTanganPriaRipcurlVicentaRantai,Rp210.000,Rp120.000,4.7,897,222,1375,J&T Express Rp10.000Rp0 Diterima dalam 2-3 hari kerja
Shopee,Jam Tangan,Jam Tangan Pria,JamTanganPriaSKMEIORIGINALSKMEI1135SKMEI,Rp135.000,Rp114.750,4.6,1998,17,4335,J&T Express Rp36.000Rp16.000 Diterima dalam 5-10 hari kerja Potongan pengiriman sampai Rp20.000 dengan belanja min. Rp90.000
Shopee,Jam Tangan,Jam Tangan Pria,JamTanganSportPriaSKMEIBysonHitamOriginalImporMurahTahanAir5ATM,Rp118.845,Rp71.307,4.6,1523,64,4014,JNE REG Rp0 - Rp15.000 Diterima dalam 3-4 hari kerja Gratis Ongkir dengan belanja min. Rp90.000
Shopee,Jam Tangan,Jam Tangan Pria,JamTanganPriacowokCasioGshockGshockdw5600bbFULLBLACKLIMITEDEDITION,Rp170.000,Rp79.900,4.4,1091,343,1916,J&T Express Rp10.000Rp0 Diterima dalam 2-3 hari kerja
Shopee,Jam Tangan,Jam Tangan Pria,BayardiTempatFashionPriaEGYJamTanganLEDMewahAntiAiruntukPelajarHadiah,Rp28.200,Rp16.370,4.4,4076,3413,6159,Standar Ekspres Rp0 - Rp10.000 Diterima dalam 7-13 hari kerja Potongan pengiriman sampai Rp10.000 dengan belanja min. Rp90.000
Shopee,Jam Tangan,Jam Tangan Pria,JamTanganPriaTetonisRantai6012OriginalBonusKulit,0,Rp415.000,4.8,961,264,1974,JNE REG Rp9.000Rp0 Diterima dalam 2-3 hari kerja Gratis Ongkir dengan belanja min. Rp150.000
Shopee,Jam Tangan,Jam Tangan Pria,CasioOriginalsemuavariasiAE1000WAE1000JamTanganPriaDigitalKaret,Rp450.000,Rp259.000,4.8,2019,283,3362,GO-SEND SAME DAY Rp15.000Rp0 Diterima dalam 1-2 hari kerja
Shopee,Jam Tangan,Jam Tangan Pria,SKMEIJamTanganPriaCowokSportAnalogLED1155AD1155OriginalAntiAir,Rp99.000,Rp82.500,4.6,1625,254,2504,GO-SEND SAME DAY Rp0 - Rp15.000 Diterima dalam 1-2 hari kerja Gratis Ongkir dengan belanja min. Rp90.000
Shopee,Jam Tangan,Jam Tangan Pria,JAMANALOGPRIAORIGINALFORSININGMEKANIKOTOMATISMEWAH,Rp179.000 - Rp226.000,Rp176.070 - Rp226.000,4.7,2332,303,6734,
Shopee,Jam Tangan,Jam Tangan Pria,JamTanganPriaQuartzTaliKulitAsliMerekMEGIR2015,Rp335.700,Rp202.800,4.6,783,12,2700,
Shopee,Jam Tangan,Jam Tangan Pria,FYGJ101JAMTANGANPRIAWANITALampuFashion,Rp34.000,Rp25.500,4.7,3867,823,10047,J&T Express Rp16.000 - Rp36.000 Diterima dalam 5-10 hari kerja Potongan pengiriman sampai Rp20.000 dengan belanja min. Rp90.000
Shopee,Jam Tangan,Jam Tangan Pria,BigSaleSKMEIJamTanganQuartzPria9083,Rp465.000,Rp99.800,4.6,604,240,1064,Standar Ekspres Rp10.000Rp0 Diterima dalam 6-12 hari kerja Potongan pengiriman sampai Rp10.000 dengan belanja min. Rp90.000
Shopee,Jam Tangan,Jam Tangan Pria,TERKINIJamtanganpriacowokT5oriOriginalantiaircronoaktiftalikulitbox,0,Rp265.000,4.6,387,47,1755,JNE REG Rp15.000Rp0 Diterima dalam 3-4 hari kerja Gratis Ongkir dengan belanja min. Rp150.000
Shopee,Jam Tangan,Jam Tangan Pria,READY4WARNAJAMTANGANIPHONERANTAIPASIRSEGILEDAPPLEWATCHAP012,Rp100.000,Rp85.000,4.6,1202,599,1975,GO-SEND SAME DAY Rp0 - Rp15.000 Diterima dalam 1-2 hari kerja Gratis Ongkir dengan belanja min. Rp150.000
Shopee,Jam Tangan,Jam Tangan Pria,JamTanganPriaSKMEI1274OriginalMensLEDDigitalAntiAirSportOutdoorElektronikMultifungsi,Rp182.857,Rp109.000,4.5,2215,384,4913,Standar Ekspres Rp10.000Rp0 Diterima dalam 6-12 hari kerja Potongan pengiriman sampai Rp10.000 dengan belanja min. Rp90.000
Shopee,Jam Tangan,Jam Tangan Pria,JAMTANGANGSHOCKCASIOGST8600FULLBLACKMETALANTIAIR,Rp170.000,Rp110.000,4.6,2558,1131,5138,J&T Express Rp10.000Rp0 Diterima dalam 2-3 hari kerja
Shopee,Jam Tangan,Jam Tangan Pria,JamTanganQuartzAnalog,Rp19.296,Rp12.542,4.3,1621,1270,1526,
Shopee,Jam Tangan,Jam Tangan Pria,JamTanganQuartsAnalogArmyKulitAntiAir,Rp46.000,Rp34.500,4.6,1204,537,2705,
Shopee,Jam Tangan,Jam Tangan Pria,CasioDigitalWatchF91WSeriesJamTanganUnisexHitamResinStrap,Rp155.000,Rp137.950,4.7,1277,324,2494,
Shopee,Jam Tangan,Jam Tangan Pria,PROMO1212GshockGwg1000JamTanganPria,Rp70.400 - Rp160.000,Rp70.400,4.6,4309,1300,5805,J&T Express Rp10.000Rp0 Diterima dalam 2-3 hari kerja
Shopee,Jam Tangan,Jam Tangan Pria,OrlandoJamTanganPriaKoreaFashionMenStainlessSteelWatchSW022,Rp69.000,Rp28.000,4.5,1288,565,1892,J&T Express Rp0 - Rp10.000 Diterima dalam 2-3 hari kerja Gratis Ongkir dengan belanja min. Rp90.000
Shopee,Jam Tangan,Jam Tangan Pria,PROMOMURAHGShockDW5600GLS5600FullblackHitamdigitalJamtanganpriamurah,Rp100.000,Rp92.000,4.5,1755,67,4045,GO-SEND SAME DAY Rp0 - Rp15.000 Diterima dalam 1-2 hari kerja Gratis Ongkir dengan belanja min. Rp150.000
Shopee,Jam Tangan,Jam Tangan Pria,NewLengkapQQOriginalSmileSolarSeries1ColorfullHappinessRP00J002Y,Rp279.000,Rp231.570,4.8,511,54,2193,GO-SEND SAME DAY Rp15.000Rp0 Diterima dalam 1-2 hari kerja
Shopee,Jam Tangan,Jam Tangan Pria,JamTanganPriaSKMEIORIGINALSKMEI0992SKMEI,Rp120.000,Rp96.000,4.7,2422,212,4501,J&T Express Rp36.000Rp16.000 Diterima dalam 5-10 hari kerja Potongan pengiriman sampai Rp20.000 dengan belanja min. Rp90.000
Shopee,Jam Tangan,Jam Tangan Pria,JamTanganPriaSKMEIORIGINAL1219DigitalLEDWaterResistant,Rp100.000,Rp59.400,4.6,1650,582,2244,J&T Express Rp0 - Rp10.000 Diterima dalam 2-3 hari kerja Gratis Ongkir dengan belanja min. Rp90.000
Shopee,Jam Tangan,Jam Tangan Pria,FYGJ102JAMTANGANFashionKanvas,Rp20.500,Rp19.065,4.6,5746,2927,4649,J&T Express Rp16.000 - Rp36.000 Diterima dalam 5-10 hari kerja Potongan pengiriman sampai Rp20.000 dengan belanja min. Rp90.000
Shopee,Jam Tangan,Jam Tangan Pria,Jamtanganpriacowokcasiogshocklaki2grosirmurahdualtimedigitalanalogCX015,Rp75.000 - Rp100.000,Rp70.000 - Rp75.000,4.7,669,210,1149,
Shopee,Jam Tangan,Jam Tangan Pria,FreeGiftFORSININGJamTanganPriaAsliMekanikOtomatisSportCasualKulitAntiAirWristWatch,Rp228.571,Rp19.000 - Rp139.000,4.3,1131,1203,4016,
Shopee,Jam Tangan,Jam Tangan Pria,CasioOriginalreadyallvariasiMQ24MQ24MQ27MQ27Unisexwatch3cm,Rp253.000,Rp149.900,4.7,2876,283,7445,JNE REG Rp9.000Rp0 Diterima dalam 2-3 hari kerja
Shopee,Jam Tangan,Jam Tangan Pria,JamTanganPriaMirageHitamRosegold8305PH,Rp350.000,Rp308.000,4.8,793,97,2713,J&T Express Rp10.000Rp0 Diterima dalam 2-3 hari kerja Gratis Ongkir dengan belanja min. Rp90.000
Shopee,Jam Tangan,Jam Tangan Pria,jamtanganpriaSoxyfashionskeletonmewahQuartzdengandesainemasdansilver,0,Rp75.800,4.6,239,93,1011,
Shopee,Jam Tangan,Jam Tangan Pria,JCQNQRUBBERCUSTOM,Rp35.000,Rp33.000,4.8,1018,298,1305,J&T Express Rp0 - Rp10.000 Diterima dalam 8-9 hari kerja Gratis Ongkir dengan belanja min. Rp90.000
Shopee,Jam Tangan,Jam Tangan Pria,OriginalFORSININGJamTanganPriaAsliMekanikOtomatisSportCasualKulitAntiAirWristWatch,Rp250.000,Rp135.000,4.4,186,254,527,
Shopee,Jam Tangan,Jam Tangan Pria,SOKIMILLENIALSJamtanganpriaarlojipriasportymenswatchSOKIFREEGIFTBOX,Rp149.000,Rp59.000,4.6,461,272,852,J&T Express Rp0 - Rp10.000 Diterima dalam 2-3 hari kerja Gratis Ongkir dengan belanja min. Rp90.000
Shopee,Jam Tangan,Jam Tangan Pria,RubberLedPilotCharacterJamTanganFashionPriadanWanitaGroupLED_Pilot,Rp164.000,Rp28.000,4.3,452,145,974,JNE REG Rp0 - Rp9.000 Diterima dalam 2-3 hari kerja Gratis Ongkir dengan belanja min. Rp90.000
Shopee,Jam Tangan,Jam Tangan Pria,SKMEI1016fboriginalJamTanganSkmeiPriaTahanAirAnalogDigitalSportsMenWatch,Rp99.000,Rp85.000,4.6,1085,152,1635,J&T Express Rp10.000Rp0 Diterima dalam 2-3 hari kerja
Shopee,Jam Tangan,Jam Tangan Pria,BayarDiTempatReadyStockJamTanganQuartzAnalogPriaWanitaTaliStainlessSteel,Rp40.000,Rp27.016,4.6,1833,133,2343,
Shopee,Jam Tangan,Jam Tangan Pria,JamTanganPriaGShockGGVersionGshockDigital,Rp180.000,Rp68.000,4.7,1268,566,1531,J&T Express Rp10.000Rp0 Diterima dalam 2-3 hari kerja
Shopee,Jam Tangan,Jam Tangan Pria,PASTIREADYSTOKCASIOGSHOCKGWG1000AntiAirRubberJamTanganPriaMurahGShockGShock001,Rp170.000,Rp69.990,4.6,824,2361,1116,J&T Express Rp0 - Rp10.000 Diterima dalam 3-4 hari kerja Gratis Ongkir dengan belanja min. Rp90.000
Shopee,Jam Tangan,Jam Tangan Pria,JUALJAMANALOGPRIAASLIFORSININGJamTanganOtomatisDesainTengkorakMewah,0,Rp228.000,4.6,545,76,2324,Standar Ekspres Rp10.000Rp0 Diterima dalam 7-13 hari kerja Potongan pengiriman sampai Rp10.000 dengan belanja min. Rp90.000
Shopee,Jam Tangan,Jam Tangan Pria,JamTanganPriaCURREN8225TanggalAktif,Rp130.000,Rp104.000,4.7,332,105,839,J&T Express Rp36.000Rp16.000 Diterima dalam 5-10 hari kerja Potongan pengiriman sampai Rp20.000 dengan belanja min. Rp90.000
Shopee,Jam Tangan,Jam Tangan Pria,SevenFridayKayuASLIWoodyTaliKulitASLIAUTHENTICDarkBrowncoklattuaJamtanganpria,Rp145.000,Rp133.400,4.6,274,57,835,GO-SEND SAME DAY Rp0 - Rp15.000 Diterima dalam 1-2 hari kerja Gratis Ongkir dengan belanja min. Rp150.000
Shopee,Jam Tangan,Jam Tangan Pria,FashionPriaJamTanganSportDigitalLEDBahanKaretAntiAirdenganTanggalLampuMalam,Rp34.000 - Rp38.000,Rp23.000 - Rp26.000,4.5,547,389,1024,
Shopee,Jam Tangan,Jam Tangan Pria,BESTSELLERJamtanganpriaquiksilverbestsellerjtr762,Rp150.000,Rp82.500,4.1,668,32,2202,J&T Express Rp0 - Rp10.000 Diterima dalam 2-3 hari kerja Gratis Ongkir dengan belanja min. Rp90.000
Shopee,Jam Tangan,Jam Tangan Pria,READY6WARNAANTIAIRRUBBERJAMTANGANPRIAMURAHCASIOGSHOCKGSHOCKDUALTIMEGWG1000GK002,Rp73.000 - Rp125.000,Rp68.500,4.7,14450,7356,16246,GO-SEND SAME DAY Rp0 - Rp15.000 Diterima dalam 1-2 hari kerja Gratis Ongkir dengan belanja min. Rp150.000
Shopee,Jam Tangan,Jam Tangan Pria,JamTanganPriaSKMEIMenSportDigitalAnalog50mAD1021SKMEIOriginalDayDatewithBOXSKMEI,0,Rp180.000,4.6,369,24,1137,GO-SEND SAME DAY Rp15.000Rp0 Diterima dalam 1-2 hari kerja
Shopee,Jam Tangan,Jam Tangan Pria,JamTanganRolexPriaSkeletonChainRantaiAutomaticOtomatisRomawiAHitamFullblack,0,Rp203.000 - Rp206.000,4.7,543,197,895,J&T Express Rp10.000Rp0 Diterima dalam 2-3 hari kerja
Shopee,Jam Tangan,Jam Tangan Pria,JamTanganPriaOriginalCasioSKMEI0993DualTimeElgrandAntiAirWaterResist30M,0,Rp159.000,4.6,434,96,1157,J&T Express Rp10.000Rp0 Diterima dalam 2-3 hari kerja Gratis Ongkir dengan belanja min. Rp90.000
Shopee,Jam Tangan,Jam Tangan Pria,JamTanganLEDPasanganUntukPriaatauWanita,0,Rp65.000,4.2,341,5,2916,
Shopee,Jam Tangan,Jam Tangan Pria,SKMEIVortex1001SportHitamJamTanganPriaSportyDesainDigitalWatchVORTEX1001,Rp98.000,Rp78.000,4.4,512,53,1294,J&T Express Rp10.000Rp0 Diterima dalam 2-3 hari kerja
Shopee,Jam Tangan,Jam Tangan Pria,READYSTOCKSKMEI100OriginalJamTanganElektronikDigital1335,Rp314.399,Rp112.000,4.6,418,150,754,
Shopee,Jam Tangan,Jam Tangan Pria,JamtanganLanccelotAegisofBerserkerPriadanWanita,Rp685.000,Rp582.250,4.8,194,26,953,
Shopee,Jam Tangan,Jam Tangan Pria,MIGEERJamtanganpriaarlojipriasportymenswatchMIGEERFREEGIFTBOX,Rp149.000,Rp59.000,4.2,516,459,940,J&T Express Rp0 - Rp10.000 Diterima dalam 2-3 hari kerja Gratis Ongkir dengan belanja min. Rp90.000
Shopee,Jam Tangan,Jam Tangan Pria,JamTanganDanielWellingtonClassicSheffieldRoseGold40mm,Rp480.000,Rp300.000,4.6,90,51,699,JNE REG Rp15.000Rp0 Diterima dalam 2-4 hari kerja Gratis Ongkir dengan belanja min. Rp150.000
Shopee,Jam Tangan,Jam Tangan Pria,Applewatchled,0,Rp85.000,3.8,388,439,773,JNE REG Rp9.000 Diterima dalam 2-4 hari kerja
Shopee,Jam Tangan,Jam Tangan Pria,Jamtanganpriaquicksilverbahankulittanggalaktifjtr1231,Rp100.000,Rp51.000,4.3,367,96,1044,J&T Express Rp0 - Rp10.000 Diterima dalam 2-3 hari kerja Gratis Ongkir dengan belanja min. Rp90.000
Shopee,Jam Tangan,Jam Tangan Pria,Yazole350SportWatchMenWatchesTopBrandLuxuryFamousMaleClockQuartzWatch,Rp129.800,Rp35.000,4.4,1150,79,1423,GO-SEND SAME DAY Rp0 - Rp15.000 Diterima dalam 1-2 hari kerja Gratis Ongkir dengan belanja min. Rp90.000
Shopee,Jam Tangan,Jam Tangan Pria,FINEJOJamTanganPriaMensStainlessSteelBeltSportBusinessQuartzWristWatchApparel,Rp77.500,Rp36.425,4.3,364,25,1724,Standard Express Rp25.000 Diterima dalam 7-13 hari kerja
Shopee,Jam Tangan,Jam Tangan Pria,JamTanganUnisexSKMEI1335DigitalWatchOriginal,Rp90.000 - Rp115.000,Rp79.200 - Rp101.200,4.7,2018,419,3464,J&T Express Rp16.000 - Rp36.000 Diterima dalam 5-10 hari kerja Potongan pengiriman sampai Rp20.000 dengan belanja min. Rp90.000
Shopee,Jam Tangan,Jam Tangan Pria,JAMTANGANGSHOCKCASIOGST8600FULLBLACKMETALANTIAIRGS,Rp100.000 - Rp170.000,Rp90.000,4.6,461,295,759,J&T Express Rp10.000Rp0 Diterima dalam 2-4 hari kerja Gratis Ongkir dengan belanja min. Rp90.000
Shopee,Jam Tangan,Jam Tangan Pria,TASKOLEKSIJAMTANGANLEDCOUPLEDIGITALPRIAWANITALAYARGEDEIMPORTMURAHFASHIONBATAM,Rp45.000,Rp12.000,4.7,705,2948,796,J&T Express Rp16.000 - Rp36.000 Diterima dalam 5-10 hari kerja Potongan pengiriman sampai Rp20.000 dengan belanja min. Rp90.000
Shopee,Jam Tangan,Jam Tangan Pria,AlexandreChristieOriginalWARNASILVER02Garansiresmi1tahunHargasatuan,Rp1.150.000,Rp690.000 - Rp790.000,4.8,178,0,3269,JNE REG Rp9.000Rp0 Diterima dalam 2-3 hari kerja
Shopee,Jam Tangan,Jam Tangan Pria,JamTanganPriaOriginalSKMEIAnalogAntiAir30M91269126S2,Rp220.300,Rp215.894,4.6,360,10,1723,JNE REG Rp9.000Rp0 Diterima dalam 2-3 hari kerja
Shopee,Jam Tangan,Jam Tangan Pria,PROMOOOBestSellerJamTanganPriaGSHOCKW048OriginalDualTime,Rp125.000 - Rp150.000,Rp80.000,4.5,1428,20,2464,J&T Express Rp0 - Rp10.000 Diterima dalam 8-9 hari kerja Gratis Ongkir dengan belanja min. Rp90.000
Shopee,Jam Tangan,Jam Tangan Pria,JamtanganpriawanitacasioGshockdigitalantiairgrosirflashsaletermurahimportCX027,Rp70.000 - Rp100.000,Rp70.000,4.8,719,649,700,J&T Express Rp10.000Rp0 Diterima dalam 2-3 hari kerja
Shopee,Jam Tangan,Jam Tangan Pria,BayarDiTempatJamTanganSportPriaSKMEI1243HitamOriginalMurahTahanAir5ATM,Rp87.000,Rp75.000,4.7,538,69,1019,
Shopee,Jam Tangan,Jam Tangan Pria,JamTanganPriaRipcurlRantaiSuper,Rp150.000,Rp120.000,4.5,682,39,1352,J&T Express Rp10.000Rp0 Diterima dalam 8-9 hari kerja Gratis Ongkir dengan belanja min. Rp90.000
Shopee,Jam Tangan,Jam Tangan Pria,LeeWatchM127ABV11RJamTanganPriatalidenim,Rp1.950.000,Rp1.560.000,5.0,41,0,547,JNE REG Rp9.000Rp0 Diterima dalam 2-3 hari kerja
Shopee,Jam Tangan,Jam Tangan Pria,GTJamTanganPriaSportKoreaFashionQuartzMenSilikonWatchSW033,Rp61.000,Rp21.000,4.6,1697,1448,2103,
Shopee,Jam Tangan,Jam Tangan Pria,JamTanganPriaDanWanitaFashionQuartzBergayaKasualDenganTaliBahanStainlessSteel,0,Rp49.600,4.6,254,98,1050,Standar Ekspres Rp0 - Rp10.000 Diterima dalam 7-13 hari kerja Potongan pengiriman sampai Rp10.000 dengan belanja min. Rp90.000
Shopee,Jam Tangan,Jam Tangan Pria,JAMTANGANPRIAALEXANDRECHRISTIEAC8348SILVERORIGINALGARANSI1TAHUN,Rp780.000,Rp663.000,4.5,85,104,1038,J&T Express Rp10.000Rp0 Diterima dalam 2-3 hari kerja
Shopee,Jam Tangan,Jam Tangan Pria,JamTanganPriaRUIZHIYUANRONTHEEDGERZY023QuartzMensStainlessSteelAntiAirSportwatches,Rp545.556,Rp109.500,4.4,168,638,674,Standar Ekspres Rp10.000Rp0 Diterima dalam 6-12 hari kerja Potongan pengiriman sampai Rp10.000 dengan belanja min. Rp90.000
Shopee,Jam Tangan,Jam Tangan Pria,BayardiTempatEGYDigitalElektronikDialPersegiPanjangLEDSilikonuntukAnak,Rp26.500,Rp15.100,4.5,1502,728,1144,
Shopee,Jam Tangan,Jam Tangan Pria,FashionPriaWanitaJamTanganAnalogKoreaSimpleWarnaHitamPutih,Rp180.000,Rp90.000,4.7,98,32,766,Standar Ekspres Rp10.000Rp0 Diterima dalam 7-13 hari kerja Potongan pengiriman sampai Rp10.000 dengan belanja min. Rp90.000
Shopee,Jam Tangan,Jam Tangan Pria,GemiusArmyJamTanganPriaAnalogSportCanvasBeltLuminousW57Blue,Rp40.000,Rp19.900,4.6,687,387,760,Shopee Express Rp0 - Rp9.000 Diterima dalam 24 jam Gratis Ongkir dengan belanja min. Rp50.000
Shopee,Jam Tangan,Jam Tangan Pria,JamTanganPriaSportSKMEI1251OriginalAntiAir50MJamTanganMurahJamTanganImport,0,Rp70.000,4.6,914,181,989,J&T Express Rp0 - Rp10.000 Diterima dalam 2-3 hari kerja Gratis Ongkir dengan belanja min. Rp90.000
Shopee,Jam Tangan,Jam Tangan Pria,HOTPROMOTERBARUMURAHSTRAPJAMTANGANMODELMILITARYARMYNYLON22MMCMW24BROWNTERLARIS,0,Rp150.000,4.4,100,39,658,JNE REG Rp9.000Rp0 Diterima dalam 2-3 hari kerja Gratis Ongkir dengan belanja min. Rp150.000
Shopee,Jam Tangan,Jam Tangan Pria,QQORIGINALSERIESVQ66Sportseriesreadystocksemua,Rp249.900,Rp119.900,4.7,532,227,1164,J&T Express Rp10.000Rp0 Diterima dalam 2-3 hari kerja Gratis Ongkir dengan belanja min. Rp90.000
Shopee,Jam Tangan,Jam Tangan Pria,READY3WARNAJAMTANGANPRIAGSHOCKDW5600GLS5600FULLBLACKJAMTANGANMURAHGK005,Rp90.000,Rp60.000,4.5,1562,603,2265,GO-SEND SAME DAY Rp0 - Rp15.000 Diterima dalam 1-2 hari kerja Gratis Ongkir dengan belanja min. Rp150.000
Shopee,Jam Tangan,Jam Tangan Pria,OLEVSJamTanganPriaMensCalendarWatchesWaterResistantSportsLeatherWatchQuartzMale,Rp600.000,Rp130.000,4.8,519,851,1212,Standar Ekspres Rp10.000Rp0 Diterima dalam 6-12 hari kerja Potongan pengiriman sampai Rp10.000 dengan belanja min. Rp90.000
Shopee,Jam Tangan,Jam Tangan Pria,JAMTANGANPRIADIGITALCASIOGSHOCKGWGDUALTIME,Rp225.000,Rp78.000,4.6,1202,37,1553,J&T Express Rp0 - Rp10.000 Diterima dalam 2-3 hari kerja Gratis Ongkir dengan belanja min. Rp90.000
Shopee,Jam Tangan,Jam Tangan Pria,JamTanganSportOutdoorPriaDigitalHitam,Rp255.000,Rp77.500,4.4,933,43,1458,J&T Express Rp0 - Rp15.000 Diterima dalam 3-4 hari kerja Gratis Ongkir dengan belanja min. Rp90.000
Shopee,Jam Tangan,Jam Tangan Pria,BayarDiTempatJamTanganPriaDilengkapiKorekApiUSBElektrikQuartzBisaDicharge,Rp158.000,Rp95.600,4.6,699,18,1754,Standar Ekspres Rp10.000Rp0 Diterima dalam 7-13 hari kerja Potongan pengiriman sampai Rp10.000 dengan belanja min. Rp90.000
Shopee,Jam Tangan,Jam Tangan Pria,JamTanganPriaOriginalSKMEICasio9096AntiAir30M,0,Rp169.200,4.6,945,34,2039,J&T Express Rp10.000Rp0 Diterima dalam 2-3 hari kerja Gratis Ongkir dengan belanja min. Rp90.000
Shopee,Jam Tangan,Jam Tangan Pria,JamTanganPriaSKMEI1228MensSportQuartzDualTimeAnalogLEDDigitalAntiAir,Rp123.750,Rp99.000,4.7,305,62,867,Standar Ekspres Rp10.000Rp0 Diterima dalam 6-12 hari kerja Potongan pengiriman sampai Rp10.000 dengan belanja min. Rp90.000
Shopee,Jam Tangan,Jam Tangan Pria,JamTanganKulitCHRONO01WatchUnisexKoreaFashionModelMenWatchBisnisLook,Rp73.000,Rp26.950,4.0,632,671,668,J&T Express Rp0 - Rp10.000 Diterima dalam 2-4 hari kerja Gratis Ongkir dengan belanja min. Rp50.000
Shopee,Jam Tangan,Jam Tangan Pria,SevenFridayM1M2GradeOriginalJamTanganPriasevenfriday,Rp240.000,Rp168.000,4.7,662,43,1361,GO-SEND SAME DAY Rp15.000Rp0 Diterima dalam 1-2 hari kerja Gratis Ongkir dengan belanja min. Rp150.000
Shopee,Jam Tangan,Jam Tangan Pria,JamTanganPriaSKMEIORIGINALSKMEI9083,Rp99.000,Rp79.200,4.7,2567,251,4665,J&T Express Rp16.000 - Rp36.000 Diterima dalam 5-10 hari kerja Potongan pengiriman sampai Rp20.000 dengan belanja min. Rp90.000
Shopee,Jam Tangan,Jam Tangan Pria,LuminLD1LEDJamTanganAnalogDigitalWatch,0,Rp13.000,4.2,915,1787,758,J&T Express Rp0 - Rp10.000 Diterima dalam 3-4 hari kerja Gratis Ongkir dengan belanja min. Rp50.000
Shopee,Jam Tangan,Jam Tangan Pria,JamTanganPriaSinobiZiiiroMercuryWaterResistant50MFreeCustomBox,Rp450.000,Rp135.000,4.3,480,124,1833,JNE REG Rp0 - Rp9.000 Diterima dalam 2-3 hari kerja Gratis Ongkir dengan belanja min. Rp150.000
Shopee,Jam Tangan,Jam Tangan Pria,JamTanganPriaCURREN8262TripleTimeTanggalAktif,Rp215.000,Rp175.000,4.8,233,101,1062,J&T Express Rp36.000Rp16.000 Diterima dalam 5-10 hari kerja Potongan pengiriman sampai Rp20.000 dengan belanja min. Rp90.000
Shopee,Jam Tangan,Jam Tangan Pria,11Dec20DecDiskonTerbesarTahunIniLONGBOJamTanganQuartzPria80102,Rp308.870,Rp99.999,4.6,319,276,1014,
Shopee,Jam Tangan,Jam Tangan Pria,BayarDiTempattimekeyJamTanganQuartzAnalogDesainAngkaRomawiStrapKulitPUuntukWanita,Rp67.600,Rp25.000,4.6,131,136,629,Standar Ekspres Rp0 - Rp10.000 Diterima dalam 7-13 hari kerja Potongan pengiriman sampai Rp10.000 dengan belanja min. Rp90.000
Shopee,Jam Tangan,Jam Tangan Pria,JamTanganPriaKorekElektrikUSBHadiahApiRokokQuartzCasioOULM,0,Rp85.000,4.7,448,727,498,J&T Express Rp0 - Rp10.000 Diterima dalam 1-3 hari kerja Gratis Ongkir dengan belanja min. Rp90.000
Shopee,Jam Tangan,Jam Tangan Pria,JamTanganPriaSKMEIElgrand0993OriginalImporMurahTahanAir3ATM,Rp231.950,Rp139.170,4.6,851,47,2188,JNE REG Rp15.000Rp0 Diterima dalam 3-4 hari kerja
Shopee,Jam Tangan,Jam Tangan Pria,JamTanganPriaCowokSimpleEleganDWWDDanielWellingtonRantaiPasirPaketFreeTaliKulitSuper,0,Rp185.000,4.4,136,25,611,
Shopee,Jam Tangan,Jam Tangan Pria,CasioOriginalsemuavariasiMW600FMW600FJamTanganPriaAnalogKaret,Rp412.000,Rp265.000,4.6,546,158,1147,
Shopee,Jam Tangan,Jam Tangan Pria,JOLIECOLLECTIONSJAMTANGANFASHIONSTRAPRUBBERLEDMEWAHFASHIONPRIADANWANITA,0,Rp17.999,4.4,241,546,481,J&T Express Rp16.000 - Rp36.000 Diterima dalam 5-10 hari kerja Potongan pengiriman sampai Rp20.000 dengan belanja min. Rp90.000
Shopee,Jam Tangan,Jam Tangan Pria,PROMOOOJamTanganPriaGShockDualTimeGWGKaretDigitalOriginal,Rp105.000,Rp80.000,4.7,1497,107,1940,J&T Express Rp0 - Rp10.000 Diterima dalam 8-9 hari kerja Gratis Ongkir dengan belanja min. Rp90.000
Shopee,Jam Tangan,Jam Tangan Pria,FtSKMEI1260JamTanganPriaQuartzAnalogAntiAirStrapStainlessSteelMewahuntukWristWatch,Rp187.142,Rp130.999,4.6,146,37,553,Standar Ekspres Rp10.000Rp0 Diterima dalam 6-12 hari kerja Potongan pengiriman sampai Rp10.000 dengan belanja min. Rp90.000
Shopee,Jam Tangan,Jam Tangan Pria,ConsinaWatch2821,0,Rp145.000,4.6,148,13,721,JNE REG Rp9.000Rp0 Diterima dalam 2-4 hari kerja
Shopee,Jam Tangan,Jam Tangan Pria,SaintCostieJamTanganPria060GStainlessSteelBand,Rp250.000,Rp85.500,4.6,315,54,1602,GO-SEND SAME DAY Rp0 - Rp15.000 Diterima dalam 1-2 hari kerja Gratis Ongkir dengan belanja min. Rp90.000
Shopee,Jam Tangan,Jam Tangan Pria,BayarDiTempatJamTanganPriaSKMEI1148JamTanganWaterproof30mTipeSportWarnaHitam,Rp126.000,Rp90.000,4.6,482,27,1217,
Shopee,Jam Tangan,Jam Tangan Pria,CasioOriginalPriaWS2201BToughSolarDigitalRubberJamTanganPria,Rp749.000,Rp584.220,4.7,110,29,484,
Shopee,Jam Tangan,Jam Tangan Pria,GTBREADYSTOCKJAMTANGANLEDDIGITALIMPORMURAH,0,Rp8.000,4.7,1000,1496,602,J&T Express Rp16.000 - Rp36.000 Diterima dalam 5-10 hari kerja Potongan pengiriman sampai Rp20.000 dengan belanja min. Rp90.000
Shopee,Jam Tangan,Jam Tangan Pria,CasioGshockJamTanganPRIADigitalDW5600BBFULLBLACKTAHANAIRBISADIPAKEBERENANGGSHOCK,Rp87.500 - Rp175.000,Rp87.500 - Rp165.000,4.4,291,70,629,GO-SEND SAME DAY Rp0 - Rp15.000 Diterima dalam 1-2 hari kerja Gratis Ongkir dengan belanja min. Rp150.000
Shopee,Jam Tangan,Jam Tangan Pria,JAMTANGANPRIAWANITACASIOGSHOCKDW5600LISPUTIHLISBIRULISGOLD,Rp75.000 - Rp85.000,Rp71.250 - Rp76.500,4.5,189,14,785,J&T Express Rp0 - Rp10.000 Diterima dalam 2-3 hari kerja Gratis Ongkir dengan belanja min. Rp90.000
Shopee,Jam Tangan,Jam Tangan Pria,NEWJAMTANGANPRIAEDIFYDUALTIMEORIGINAL,Rp400.000,Rp255.000,4.7,241,28,732,GO-SEND SAME DAY Rp15.000Rp0 Diterima dalam 1-2 hari kerja
Shopee,Jam Tangan,Jam Tangan Pria,READY9WARNAJAMTANGANQuicksilverTanggalHariKulitQS001JAMTANGANMURAHJAMTANGANPRIA,Rp90.000 - Rp125.000,Rp88.000,4.5,3501,816,4744,GO-SEND SAME DAY Rp0 - Rp15.000 Diterima dalam 1-2 hari kerja Gratis Ongkir dengan belanja min. Rp150.000
Shopee,Jam Tangan,Jam Tangan Pria,JamTanganQuartzAnalogAntiAirStrapStainlessSteelWarnaHitamPutih,Rp112.000,Rp90.000,4.3,294,90,1259,
Shopee,Jam Tangan,Jam Tangan Pria,BayarDiTempatSANDA799JamTanganPriaMultifungsiDigitalLEDSportMilitaryShockTahanAir,Rp116.600,Rp106.600,4.5,171,49,736,Standar Ekspres Rp10.000Rp0 Diterima dalam 7-13 hari kerja Potongan pengiriman sampai Rp10.000 dengan belanja min. Rp90.000
Shopee,Jam Tangan,Jam Tangan Pria,BayardiTempatMARJamTanganDigitalLEDLayarSentuhdenganStrapSilikonuntukAnak,Rp38.100,Rp16.000,4.5,465,617,614,Standar Ekspres Rp0 - Rp10.000 Diterima dalam 7-13 hari kerja Potongan pengiriman sampai Rp10.000 dengan belanja min. Rp90.000
Shopee,Jam Tangan,Jam Tangan Pria,JamTanganDieselReady5WarnaJamTanganPriadieselpakettripletime,Rp195.000,Rp175.000,4.5,95,19,567,J&T Express Rp10.000Rp0 Diterima dalam 8-9 hari kerja Gratis Ongkir dengan belanja min. Rp90.000
Shopee,Jam Tangan,Jam Tangan Pria,JamTanganPriaSevenFridayM2SeriesKulitListRosegoldSevenFriday,Rp220.000,Rp109.500,4.7,2226,358,2613,J&T Express Rp10.000Rp0 Diterima dalam 2-3 hari kerja
Shopee,Jam Tangan,Jam Tangan Pria,JAMTANGANPRIADIGITECRANTAIORIGINALREADY4WARNA,Rp400.000,Rp240.000,4.6,129,27,501,J&T Express Rp10.000Rp0 Diterima dalam 2-3 hari kerja Gratis Ongkir dengan belanja min. Rp90.000
Shopee,Jam Tangan,Jam Tangan Pria,Skmei1155BJamTanganPriaWanitaSportsDigitalAnalogDualDisplayW188,Rp124.000,Rp85.000,4.7,287,204,572,Shopee Express Rp9.000Rp0 Diterima dalam 24 jam
Shopee,Jam Tangan,Jam Tangan Pria,NewProductJamTanganPriaDualTimeSkmeiCasioMenSportOriginalAd1117MerahFreeOngkir,0,Rp160.000,4.2,44,38,426,JNE REG Rp9.000Rp0 Diterima dalam 2-3 hari kerja Gratis Ongkir dengan belanja min. Rp150.000
Shopee,Jam Tangan,Jam Tangan Pria,JamTanganPriaSportSmartWatchSKMEI1226PedometerSmartwatchWaterResistAntiAir50M,0,Rp205.000,4.5,425,19,1638,J&T Express Rp10.000Rp0 Diterima dalam 2-3 hari kerja Gratis Ongkir dengan belanja min. Rp90.000
Shopee,Jam Tangan,Jam Tangan Pria,GTJamTanganPriaSportChronoKoreaFashionQuartzMenSilikonWatchSW035,Rp63.000,Rp21.990,4.7,974,766,1413,J&T Express Rp0 - Rp10.000 Diterima dalam 2-3 hari kerja Gratis Ongkir dengan belanja min. Rp90.000
Shopee,Jam Tangan,Jam Tangan Pria,JamTanganDigitalSiliconePriaAntiAirLEDLayarSentuhTanggal,Rp49.000,Rp36.750,4.5,479,101,1649,
Shopee,Jam Tangan,Jam Tangan Pria,JamTanganPriaHannahMartin,0,Rp136.000,4.6,123,108,555,
Shopee,Jam Tangan,Jam Tangan Pria,FORSININGJamTanganOtomatisMewahWarnaEmas,Rp370.000 - Rp390.000,Rp166.700 - Rp195.000,4.7,500,180,651,
Shopee,Jam Tangan,Jam Tangan Pria,SKMEI1260JamTanganPriaQuartzdenganStrapKulitStainlessSteelWrstwatch,0,Rp112.000,4.6,663,1,1459,
Shopee,Jam Tangan,Jam Tangan Pria,JamTanganPriaSKMEISShockDualTime0993,Rp139.900,Rp111.920,4.8,1886,269,3412,J&T Express Rp36.000Rp16.000 Diterima dalam 5-10 hari kerja Potongan pengiriman sampai Rp20.000 dengan belanja min. Rp90.000
Shopee,Jam Tangan,Jam Tangan Pria,SKMEI1304JamTanganDigitalSportyPriaOriginalwaterresistant50M,Rp150.000,Rp70.000,4.5,831,118,1181,JNE REG Rp0 - Rp9.000 Diterima dalam 2-3 hari kerja Gratis Ongkir dengan belanja min. Rp150.000
Shopee,Jam Tangan,Jam Tangan Pria,SKYV8SmartWatchJamTanganSmartWatchBluetoothiPhoneAndroid,0,Rp97.000,4.5,897,159,1663,JNE REG Rp31.000Rp11.000 Diterima dalam 4-7 hari kerja
Shopee,Jam Tangan,Jam Tangan Pria,JAMTANGANPRIAGSHOCKDUALTIMEGWG1000FULLBLACKGK002CASIOGSHOCK,Rp100.000,Rp70.000,4.6,653,153,546,J&T Express Rp0 - Rp10.000 Diterima dalam 2-3 hari kerja Gratis Ongkir dengan belanja min. Rp90.000
Shopee,Jam Tangan,Jam Tangan Pria,FygaleryJ114ElliethJamTanganFashionJamTanganImportJamTanganKulitJamTanganMurah,0,Rp33.000,4.6,444,335,631,J&T Express Rp16.000 - Rp36.000 Diterima dalam 5-10 hari kerja Potongan pengiriman sampai Rp20.000 dengan belanja min. Rp90.000
Shopee,Jam Tangan,Jam Tangan Pria,BayardiTempatJamTanganCoupleQuartzAnalogMewahBahanStainlessSteeldenganStrapKulit,Rp22.000 - Rp23.700,Rp18.480 - Rp19.908,4.6,414,443,487,Standar Ekspres Rp0 - Rp10.000 Diterima dalam 6-12 hari kerja Potongan pengiriman sampai Rp10.000 dengan belanja min. Rp90.000
Shopee,Jam Tangan,Jam Tangan Pria,JAMTANGANPRIAGSHOCKCASIODW5600GS,Rp170.000,Rp65.000,4.5,225,158,442,J&T Express Rp0 - Rp10.000 Diterima dalam 2-4 hari kerja Gratis Ongkir dengan belanja min. Rp90.000
Shopee,Jam Tangan,Jam Tangan Pria,CasioOriginalreadyallvariasiAE1000WAE1000JamTanganPriatalikaret,Rp499.900,Rp349.900,4.7,370,2,1148,JNE REG Rp9.000Rp0 Diterima dalam 2-3 hari kerja
Shopee,Jam Tangan,Jam Tangan Pria,JamTanganPriaModelLEDDigitalTaliSilikonBentukKotakBerkacaReflektif,Rp17.375,Rp14.900,4.4,324,442,639,
Shopee,Jam Tangan,Jam Tangan Pria,READYSTOCKJamTanganPriaWanitaQnQQQJellyRubberTransparanKaretMurahQQWomenWatch,Rp53.990,Rp13.990,4.7,449,3575,571,J&T Express Rp0 - Rp10.000 Diterima dalam 3-5 hari kerja Gratis Ongkir dengan belanja min. Rp90.000
Shopee,Jam Tangan,Jam Tangan Pria,CasioOriginalAE1200WH1A1BJamTanganPriaDigitalKaretHitam,Rp552.000,Rp325.000,4.8,708,161,1210,GO-SEND SAME DAY Rp15.000Rp0 Diterima dalam 1-2 hari kerja
Shopee,Jam Tangan,Jam Tangan Pria,QQAnalogOriginalWatchJamTanganPriaTalikulit,Rp299.900,Rp149.000,4.7,514,13,1916,J&T Express Rp10.000Rp0 Diterima dalam 2-3 hari kerja Gratis Ongkir dengan belanja min. Rp90.000
Shopee,Jam Tangan,Jam Tangan Pria,SKMEIJamTanganElektronikPriaMultifungsiuntukOutdoorOlahraga1274,0,Rp150.000,4.7,591,3,1127,
Shopee,Jam Tangan,Jam Tangan Pria,NewProductJamTanganPriaDualTimeSkmeiCasioMenSportOriginalAd1117MerahFreeOngkir,0,Rp130.000,4.4,177,59,748,JNE REG Rp0 - Rp9.000 Diterima dalam 2-3 hari kerja Gratis Ongkir dengan belanja min. Rp150.000
Shopee,Jam Tangan,Jam Tangan Pria,EigerRidingTargaOLWatchBlack,0,Rp715.000,4.6,62,14,748,JNE REG Rp10.000Rp0 Diterima dalam 2-4 hari kerja
Shopee,Jam Tangan,Jam Tangan Pria,2018HotSaleFashionJamTanganPriaTaliKulitMiliterdenganTombolDialBulat,Rp92.000,Rp67.500,4.3,361,15,1280,
Shopee,Jam Tangan,Jam Tangan Pria,JamTanganPriaCowokDIESELTanggalaktiftalikulitsuper,0,Rp100.000,4.3,169,157,488,J&T Express Rp10.000Rp0 Diterima dalam 2-3 hari kerja
Shopee,Jam Tangan,Jam Tangan Pria,JamTanganPriaGcTaliKulitTerlaris,Rp380.000,Rp350.000,4.6,604,3,2831,J&T Express Rp10.000Rp0 Diterima dalam 2-3 hari kerja Gratis Ongkir dengan belanja min. Rp50.000
Shopee,Jam Tangan,Jam Tangan Pria,JamTanganPriaWanitaSuuntoST001SUNTOCOREjamtanganmurahBERKUALITAS,Rp120.000,Rp68.000,4.4,1580,64,2597,GO-SEND SAME DAY Rp0 - Rp15.000 Diterima dalam 1-2 hari kerja Gratis Ongkir dengan belanja min. Rp150.000
Shopee,Jam Tangan,Jam Tangan Pria,RafashopJamTanganLEDuntukPelajarHadiahAnak,Rp20.000,Rp18.000,4.7,658,670,556,J&T Express Rp0 - Rp15.000 Diterima dalam 3-4 hari kerja Gratis Ongkir dengan belanja min. Rp90.000
Shopee,Jam Tangan,Jam Tangan Pria,BESTSELLERJAMTANGANALEXANDRECHRISTIE0062ORIGINALUNISEX,Rp400.000,Rp376.000,4.5,119,60,429,JNE REG Rp9.000Rp0 Diterima dalam 2-3 hari kerja Gratis Ongkir dengan belanja min. Rp150.000
Shopee,Jam Tangan,Jam Tangan Pria,FashionPriaNaviforceJamTanganSportQuartz,Rp309.300,Rp207.231,4.4,182,9,1136,Standar Ekspres Rp10.000Rp0 Diterima dalam 7-13 hari kerja Potongan pengiriman sampai Rp10.000 dengan belanja min. Rp90.000
Shopee,Jam Tangan,Jam Tangan Pria,StainlessSteelolahragakuarsajamtanganAnalogmenonton,Rp24.379,Rp18.040,4.6,564,506,456,
Shopee,Jam Tangan,Jam Tangan Pria,SKMEIJamTanganLED1142DG1142TaliKaretSportWaterResistantOriginalAntiAir,Rp75.000,Rp60.000,4.6,300,85,752,
Shopee,Jam Tangan,Jam Tangan Pria,PromoJamTanganPriaCowokQuiksilverNumberDaydateLeatherDarkBrownCokelatTuaBig,0,Rp144.000,4.2,79,72,466,JNE REG Rp0 - Rp9.000 Diterima dalam 3-5 hari kerja Gratis Ongkir dengan belanja min. Rp150.000
Shopee,Jam Tangan,Jam Tangan Pria,GShockCasioGA100Fullabuarmygreyjamtanganpriacowoklakilakimurahdigitaltahanair,Rp125.000,Rp111.250,4.6,210,22,849,GO-SEND SAME DAY Rp0 - Rp15.000 Diterima dalam 1-2 hari kerja Gratis Ongkir dengan belanja min. Rp150.000
Shopee,Jam Tangan,Jam Tangan Pria,100OriginalJamTanganPriaForsiningMewahPenuhemasotomatiskerangkaBisnisOlahragaWatch,Rp205.000 - Rp226.200,Rp172.000 - Rp197.028,4.6,334,184,1056,Standar Ekspres Rp10.000Rp0 Diterima dalam 7-13 hari kerja Potongan pengiriman sampai Rp10.000 dengan belanja min. Rp90.000
Shopee,Jam Tangan,Jam Tangan Pria,JamTanganPriaGShockGWG1000GshockDigitalDoubleTimeRubber,Rp180.000,Rp68.000,4.7,2555,1730,2530,J&T Express Rp10.000Rp0 Diterima dalam 2-3 hari kerja
Shopee,Jam Tangan,Jam Tangan Pria,OTSeaJamTanganPriaKoreaFashionSW040,Rp89.000,Rp46.000,4.6,264,96,536,Shopee Express Rp0 - Rp9.000 Diterima dalam 24 jam Gratis Ongkir dengan belanja min. Rp50.000
Shopee,Jam Tangan,Jam Tangan Pria,FtSKMEI9165JamTanganPriaOriginalQuartzLuxuryStrapKulitAntiAirCasualWristWatch,Rp277.142,Rp193.999,4.7,198,40,775,
Shopee,Jam Tangan,Jam Tangan Pria,JamTanganPriaSKMEIMenDigitalLEDAnalogAD1016,Rp94.000,Rp77.080,4.7,9885,1125,15228,J&T Express Rp16.000 - Rp36.000 Diterima dalam 5-10 hari kerja Potongan pengiriman sampai Rp20.000 dengan belanja min. Rp90.000
Shopee,Jam Tangan,Jam Tangan Pria,FLASHSALEJamtangancasiogshockwanitapriakodeDW5600digitalantiairCX031CX032,Rp55.000 - Rp72.500,Rp55.000 - Rp58.000,4.5,248,153,634,J&T Express Rp10.000Rp0 Diterima dalam 2-3 hari kerja
Shopee,Jam Tangan,Jam Tangan Pria,JamTanganPriaFORSININGMekanikOtomatisSportCasualAntiAirStrapKulitAsliuntukWristWatch,Rp207.142,Rp140.000,4.5,204,163,775,
Shopee,Jam Tangan,Jam Tangan Pria,CasioAnalogWatchJamTanganUnisexHitamStrapKaretMQ24Series,Rp159.000,Rp144.690,4.6,428,53,954,
Shopee,Jam Tangan,Jam Tangan Pria,JamTanganPriaCURREN8106TanggalAktifII,Rp130.000 - Rp135.000,Rp104.000 - Rp108.000,4.9,118,44,579,J&T Express Rp36.000Rp16.000 Diterima dalam 5-10 hari kerja Potongan pengiriman sampai Rp20.000 dengan belanja min. Rp90.000
Shopee,Jam Tangan,Jam Tangan Pria,BayardiTempatHONHXJamTanganDigitalSportsLuminousAntiAirTanggaluntukAnak,Rp42.700,Rp22.500,4.3,350,234,521,Standar Ekspres Rp0 - Rp10.000 Diterima dalam 7-13 hari kerja Potongan pengiriman sampai Rp10.000 dengan belanja min. Rp90.000
Shopee,Jam Tangan,Jam Tangan Pria,LasikaJamTanganPriaFashionSportDigitalLEDMenRubberWatchSW081,Rp65.000,Rp27.500,4.7,612,318,859,J&T Express Rp0 - Rp10.000 Diterima dalam 3-4 hari kerja Gratis Ongkir dengan belanja min. Rp90.000
Shopee,Jam Tangan,Jam Tangan Pria,OrlandoSilverSteelJamTanganPriaStrapStainlessSteel,Rp59.000 - Rp62.900,Rp35.000,4.1,340,145,628,J&T Express Rp0 - Rp10.000 Diterima dalam 2-3 hari kerja Gratis Ongkir dengan belanja min. Rp50.000
Shopee,Jam Tangan,Jam Tangan Pria,JamTanganQuartzTaliKulitGenevaStainlessSteel,Rp30.000,Rp22.500,4.6,478,27,1354,
Shopee,Jam Tangan,Jam Tangan Pria,JamTanganPriaOriginalSKMEISolarPower1064AD1064EAntiAirWaterResist50M,0,Rp149.000,4.6,666,15,1141,J&T Express Rp10.000Rp0 Diterima dalam 2-3 hari kerja Gratis Ongkir dengan belanja min. Rp90.000
Shopee,Jam Tangan,Jam Tangan Pria,CasioOriginalAE1200WHD1AJamTanganPriaDigitalStainlessSilver,Rp635.000,Rp359.000,4.8,521,115,1019,
Shopee,Jam Tangan,Jam Tangan Pria,JAMTANGANPRIARIPCURLRCDETROITKULITRP001JAMTANGANMURAHFREEONGKIR8,Rp150.000,Rp110.000,4.4,1070,278,1676,GO-SEND SAME DAY Rp0 - Rp15.000 Diterima dalam 1-2 hari kerja Gratis Ongkir dengan belanja min. Rp150.000
Shopee,Jam Tangan,Jam Tangan Pria,JAMTANGANPRIAELEGANTALIKULITRIPCURLCRONOVARIASITANGGALAKTIFFASHIONPRIA,Rp74.900,Rp45.900,4.2,137,120,506,Standar Ekspres Rp10.000 Diterima dalam 7-13 hari kerja
Shopee,Jam Tangan,Jam Tangan Pria,SaintCostieJamTanganPriaBodySilverBlackDialSC2519GSBStainlessSteelBand,Rp850.000,Rp76.500,4.6,561,722,561,GO-SEND SAME DAY Rp0 - Rp15.000 Diterima dalam 1-2 hari kerja Gratis Ongkir dengan belanja min. Rp90.000
Shopee,Jam Tangan,Jam Tangan Pria,SKMEIJamTanganPriaLeatherStrapCasualFashionWaterResistant90709070CLOriginalAntiAir,Rp95.000,Rp81.000,4.5,452,98,882,GO-SEND SAME DAY Rp0 - Rp15.000 Diterima dalam 1-2 hari kerja Gratis Ongkir dengan belanja min. Rp90.000
Shopee,Jam Tangan,Jam Tangan Pria,JamTanganPria2018Megir2053MEGIRMenSportWatchChronographStrapSilikon,Rp270.000,Rp218.000,4.5,532,148,1891,JNE REG Rp9.000Rp0 Diterima dalam 2-3 hari kerja Gratis Ongkir dengan belanja min. Rp150.000
Shopee,Jam Tangan,Jam Tangan Pria,CasioOriginalF201WASERIESREADYSTOCKharapbacarincianproduk,Rp319.000,Rp255.000,4.6,417,3,1148,JNE REG Rp9.000Rp0 Diterima dalam 2-3 hari kerja
Shopee,Jam Tangan,Jam Tangan Pria,JamTanganPriaSKMEIMenDigitalLEDAnalogAD1117,Rp90.000,Rp76.500,4.8,1892,141,3038,
Shopee,Jam Tangan,Jam Tangan Pria,SKMEI1155DualDisplayWristwatchesSportWaterResistantWatchJamTanganPria,Rp88.800 - Rp99.000,Rp85.000,4.7,574,31,1150,JNE REG Rp0 - Rp9.000 Diterima dalam 10-11 hari kerja Gratis Ongkir dengan belanja min. Rp90.000
Shopee,Jam Tangan,Jam Tangan Pria,JamTanganpriaQuiksilverTanggalHari,Rp80.000,Rp79.200,4.6,500,239,580,J&T Express Rp10.000Rp0 Diterima dalam 2-3 hari kerja
Shopee,Jam Tangan,Jam Tangan Pria,Jamtanganpriawanitastainlessteelbulatberkualitastinggifashion,Rp65.400,Rp30.500,4.5,1121,22,2800,
Shopee,Jam Tangan,Jam Tangan Pria,JamTanganDualTImePriaSKMEIShelterHitamBiruOriginalImporMurahTahanAir5ATM,Rp180.353,Rp108.212,4.7,544,36,1211,JNE REG Rp15.000Rp0 Diterima dalam 3-4 hari kerja
Shopee,Jam Tangan,Jam Tangan Pria,CasioJamTanganPriaA158WA1DFStainlessSteelDigitalWatchSilver,Rp225.000,Rp213.750,4.5,393,93,944,
Shopee,Jam Tangan,Jam Tangan Pria,Skmei1025JamTanganPriaSportsFashionMilitaryDigitalW66,Rp96.000,Rp57.000,4.7,452,301,387,Shopee Express Rp9.000Rp0 Diterima dalam 24 jam
Shopee,Jam Tangan,Jam Tangan Pria,PRODUKTERLARISGShockCasioMTGS1000FullBlackHitamJamtangandualtimepriamurah,Rp130.000,Rp117.000,4.7,427,97,723,GO-SEND SAME DAY Rp0 - Rp15.000 Diterima dalam 1-2 hari kerja Gratis Ongkir dengan belanja min. Rp150.000
Shopee,Jam Tangan,Jam Tangan Pria,6WARNAHARIINISAJADISKONJAMTANGANAPPLEWATCHTOUCHRANTAIIPHONEAP001JAMTANGANMURAH,Rp135.000,Rp75.000,4.7,6394,1229,6220,GO-SEND SAME DAY Rp0 - Rp15.000 Diterima dalam 1-2 hari kerja Gratis Ongkir dengan belanja min. Rp150.000
Shopee,Jam Tangan,Jam Tangan Pria,SKMEIDG1068JamTanganPriaDigitalSportCowokLEDWR50M1068OriginalAntiAir,Rp75.000,Rp60.000,4.7,259,118,596,GO-SEND SAME DAY Rp0 - Rp15.000 Diterima dalam 1-2 hari kerja Gratis Ongkir dengan belanja min. Rp90.000
Shopee,Jam Tangan,Jam Tangan Pria,MEGIR2020JamTanganPriaQuartzWatchChronographSportWristwatchChronoAktifOriginal,Rp250.000,Rp193.000,4.3,340,134,977,JNE REG Rp9.000Rp0 Diterima dalam 2-3 hari kerja Gratis Ongkir dengan belanja min. Rp150.000
Shopee,Jam Tangan,Jam Tangan Pria,JamTanganPriaSKMEIORIGINALSKMEI1251SKMEI,Rp75.000,Rp59.250,4.8,2184,919,2693,J&T Express Rp16.000 - Rp36.000 Diterima dalam 5-10 hari kerja Potongan pengiriman sampai Rp20.000 dengan belanja min. Rp90.000
Shopee,Jam Tangan,Jam Tangan Pria,WaterResistBonicoJamTanganPria5896Gstainlesssteelcase,Rp269.000,Rp49.000,4.4,346,150,663,GO-SEND SAME DAY Rp0 - Rp15.000 Diterima dalam 1-2 hari kerja Gratis Ongkir dengan belanja min. Rp90.000
Shopee,Jam Tangan,Jam Tangan Pria,CasioOriginalF200WF200WJamTanganPriaDigitalKaret,Rp315.000,Rp209.000,4.7,307,37,632,
Shopee,Jam Tangan,Jam Tangan Pria,JamTanganPriaDigitalSportOriginalSKMEI1251SuuntoWaterResistAntiAir50M,0,Rp115.000,4.6,537,40,951,J&T Express Rp10.000Rp0 Diterima dalam 2-3 hari kerja Gratis Ongkir dengan belanja min. Rp90.000
Shopee,Jam Tangan,Jam Tangan Pria,YazoleJamTanganPriaFashionCasualBusinessMenLeatherWatchSW069,Rp81.000,Rp41.000,4.5,825,306,882,J&T Express Rp0 - Rp10.000 Diterima dalam 3-4 hari kerja Gratis Ongkir dengan belanja min. Rp90.000
Shopee,Jam Tangan,Jam Tangan Pria,CasioOriginalF200readysesuaivariasiGaransiresmicasio1tahun,Rp319.000,Rp223.000,4.6,494,2,1261,JNE REG Rp9.000Rp0 Diterima dalam 2-3 hari kerja
Shopee,Jam Tangan,Jam Tangan Pria,PROMOANTIAIRRUBBERJAMTANGANPRIAMURAHCASIOGSHOCKGSHOCKDUALTIMEGWG1000LISTMERAHGK002,Rp125.000,Rp68.500,4.7,4355,846,6675,GO-SEND SAME DAY Rp0 - Rp15.000 Diterima dalam 1-2 hari kerja Gratis Ongkir dengan belanja min. Rp150.000
Shopee,Jam Tangan,Jam Tangan Pria,JamTanganPriaSKMEIORIGINALSKMEI9115,Rp120.000,Rp96.000,4.8,2086,182,3663,J&T Express Rp36.000Rp16.000 Diterima dalam 5-10 hari kerja Potongan pengiriman sampai Rp20.000 dengan belanja min. Rp90.000
Shopee,Jam Tangan,Jam Tangan Pria,ForsiningJamTanganSportsPria,0,Rp228.200,4.6,210,14,841,Standar Ekspres Rp10.000Rp0 Diterima dalam 7-13 hari kerja Potongan pengiriman sampai Rp10.000 dengan belanja min. Rp90.000
Shopee,Jam Tangan,Jam Tangan Pria,JamTanganPriaWanitaOlahragaKaretKualitasBagusdenganTombolDialBulat,Rp61.600,Rp28.500,4.7,720,202,1706,Standar Ekspres Rp0 - Rp10.000 Diterima dalam 7-13 hari kerja Potongan pengiriman sampai Rp10.000 dengan belanja min. Rp90.000
Shopee,Jam Tangan,Jam Tangan Pria,CasioOriginalW96HW96H1AW96H1BJamTanganPriaDigitalKaretHitam,Rp440.000,Rp289.000,4.8,396,59,829,
Shopee,Jam Tangan,Jam Tangan Pria,SandaJamTanganPriaFashionSportLEDDigitalQuartzAnalogMenWatchSW104,Rp207.000,Rp95.000,4.6,411,121,601,J&T Express Rp10.000Rp0 Diterima dalam 3-4 hari kerja Gratis Ongkir dengan belanja min. Rp90.000
Shopee,Jam Tangan,Jam Tangan Pria,CasioOriginalreadyallvariasiAE1000WAE1000JamTanganDigitalPriatalikaret,Rp499.900,Rp349.000 - Rp349.900,4.7,422,2,1444,JNE REG Rp9.000Rp0 Diterima dalam 2-3 hari kerja
Shopee,Jam Tangan,Jam Tangan Pria,JamTanganQQJellyAngkaRubberTransparantTransparanbeningKaretjamtanganmurahQnoQ001,Rp175.000,Rp12.000 - Rp12.800,4.7,30949,34933,16838,GO-SEND SAME DAY Rp0 - Rp15.000 Diterima dalam 1-2 hari kerja Gratis Ongkir dengan belanja min. Rp150.000
Shopee,Jam Tangan,Jam Tangan Pria,JamTanganPriaSKMEISport1167SKMEISKMEIORIGINAL,Rp70.000,Rp59.500,4.8,2073,156,3542,J&T Express Rp16.000 - Rp36.000 Diterima dalam 5-10 hari kerja Potongan pengiriman sampai Rp20.000 dengan belanja min. Rp90.000
Shopee,Jam Tangan,Jam Tangan Pria,ForsiningJamTanganPriaMekanikOtomatisTapakSkeletonStainlessSteelMewah,Rp258.500,Rp229.725,4.7,318,90,695,Standar Ekspres Rp10.000Rp0 Diterima dalam 7-13 hari kerja Potongan pengiriman sampai Rp10.000 dengan belanja min. Rp90.000
Shopee,Jam Tangan,Jam Tangan Pria,JamTanganPriaBahanKulitModelSimpelVintageTerlaris,Rp124.000,Rp110.000,4.5,344,7,1452,Standar Ekspres Rp10.000Rp0 Diterima dalam 7-13 hari kerja Potongan pengiriman sampai Rp10.000 dengan belanja min. Rp90.000
Shopee,Jam Tangan,Jam Tangan Pria,MEGIR2002JamTanganCasualPriaWaterResistanceSiliconeBandChronoAktifOriginal,Rp250.000,Rp169.000,4.5,174,44,624,JNE REG Rp9.000Rp0 Diterima dalam 2-4 hari kerja Gratis Ongkir dengan belanja min. Rp150.000
Shopee,Jam Tangan,Jam Tangan Pria,CasioOriginalreadyallvariasiMQ27MQ38OriginalWatchJamTanganUnisexStrapKaret,Rp253.000,Rp149.900,4.6,520,43,1469,JNE REG Rp9.000Rp0 Diterima dalam 2-3 hari kerja
Shopee,Jam Tangan,Jam Tangan Pria,PROMOANTIAIRRUBBERJAMTANGANPRIAMURAHCASIOGSHOCKGSHOCKDUALTIMEGWG1000LISTPUTIHGK002,Rp125.000,Rp68.500,4.6,2712,1143,3302,GO-SEND SAME DAY Rp0 - Rp15.000 Diterima dalam 1-2 hari kerja Gratis Ongkir dengan belanja min. Rp150.000
Shopee,Jam Tangan,Jam Tangan Pria,JamTanganPriaSKMEIORIGINALSKMEI1384,Rp90.000,Rp63.900,4.8,700,605,1208,J&T Express Rp16.000 - Rp36.000 Diterima dalam 5-10 hari kerja Potongan pengiriman sampai Rp20.000 dengan belanja min. Rp90.000
Shopee,Jam Tangan,Jam Tangan Pria,JamTanganPriaTetonis6011Original,Rp370.000,Rp298.000,4.8,546,39,1077,JNE REG Rp9.000Rp0 Diterima dalam 2-3 hari kerja Gratis Ongkir dengan belanja min. Rp150.000
Shopee,Jam Tangan,Jam Tangan Pria,CasioOriginalAE1000W1AJamTanganPriaDigitalKaretHitam,Rp450.000,Rp259.000,4.8,408,101,687,
Shopee,Jam Tangan,Jam Tangan Pria,JamTanganPriaWanitaSKMEI1299DigitalWatchOriginal,Rp76.000,Rp62.320,4.8,874,426,1524,J&T Express Rp16.000 - Rp36.000 Diterima dalam 5-10 hari kerja Potongan pengiriman sampai Rp20.000 dengan belanja min. Rp90.000
Shopee,Jam Tangan,Jam Tangan Pria,READY6WARNAPROMOJAMTANGANTERMURAHRIPCURLRCSABITTANGGALTOMBOL1RP011KULITSLIM,Rp55.000 - Rp90.000,Rp55.000,4.5,1358,960,2171,GO-SEND SAME DAY Rp0 - Rp15.000 Diterima dalam 1-2 hari kerja Gratis Ongkir dengan belanja min. Rp150.000
Shopee,Jam Tangan,Jam Tangan Pria,CasiooriginalManwatchMW240SERIESDiameter35cm,Rp335.000,Rp234.000,4.7,234,13,874,JNE REG Rp9.000Rp0 Diterima dalam 2-3 hari kerja
Shopee,Jam Tangan,Jam Tangan Pria,TURUNHARGAJAMTANGANGSHOCKDUALTIMEGG1000GK001GSHOCKGSHOCKJAMTANGANMURAHBERKUALITAS,Rp125.000,Rp72.000,4.7,2029,147,2397,GO-SEND SAME DAY Rp0 - Rp15.000 Diterima dalam 1-2 hari kerja Gratis Ongkir dengan belanja min. Rp150.000
Shopee,Jam Tangan,Jam Tangan Pria,JamTanganPriaSKMEIORIGINALSKMEI1260SKMEI,Rp95.000 - Rp115.000,Rp86.250 - Rp95.000,4.7,3283,232,8193,J&T Express Rp16.000 - Rp36.000 Diterima dalam 5-10 hari kerja Potongan pengiriman sampai Rp20.000 dengan belanja min. Rp90.000
Shopee,Jam Tangan,Jam Tangan Pria,ALBAORIGINALGARANSIRESMISTAINLESSBAND02,Rp699.900,Rp494.000,4.8,161,43,720,JNE REG Rp9.000Rp0 Diterima dalam 2-3 hari kerja
Shopee,Jam Tangan,Jam Tangan Pria,JAMTANGANSWATCHRUBBERANGKAJAMTANGANMURAHPRIAWANITASW001,0,Rp19.000,4.8,2834,1460,2766,GO-SEND SAME DAY Rp0 - Rp15.000 Diterima dalam 1-2 hari kerja Gratis Ongkir dengan belanja min. Rp150.000
Shopee,Jam Tangan,Jam Tangan Pria,CasioOriginalJamTanganAnalogUnisexMQ247E2,Rp253.000,Rp159.900,4.7,447,21,1347,JNE REG Rp9.000Rp0 Diterima dalam 2-3 hari kerja
Shopee,Jam Tangan,Jam Tangan Pria,JamTanganPriaSKMEIORIGINALSKMEI1155BSKMEI,Rp100.000,Rp75.000,4.8,3884,210,5990,J&T Express Rp16.000 - Rp36.000 Diterima dalam 5-10 hari kerja Potongan pengiriman sampai Rp20.000 dengan belanja min. Rp90.000
Shopee,Jam Tangan,Jam Tangan Pria,READY5WARNAJAMTANGANIPHONEAPPLEMAGNETTOUCHSCREENDIGTALAP009,0,Rp120.000,4.7,484,150,859,GO-SEND SAME DAY Rp0 - Rp15.000 Diterima dalam 1-2 hari kerja Gratis Ongkir dengan belanja min. Rp150.000
Shopee,Jam Tangan,Jam Tangan Pria,JamTanganPriaSKMEIORIGINALSKMEI1142SKMEI1193SKMEISPORT,Rp70.000,Rp58.800,4.8,4703,518,10042,J&T Express Rp16.000 - Rp36.000 Diterima dalam 5-10 hari kerja Potongan pengiriman sampai Rp20.000 dengan belanja min. Rp90.000
Shopee,Jam Tangan,Jam Tangan Pria,CasioOriginalreadyallvariasiMQ241B2GARANSIRESMIUnisexwatch3cm,Rp253.000,Rp159.900,4.6,370,59,1115,JNE REG Rp9.000Rp0 Diterima dalam 2-3 hari kerja
Shopee,Jam Tangan,Jam Tangan Pria,JAMTANGANHUSHPUPPIESFASHIONSEGIKULITDATEJF0146WARNARINGROSEGOLD,Rp83.000,Rp50.000,4.6,759,150,1209,GO-SEND SAME DAY Rp0 - Rp15.000 Diterima dalam 1-2 hari kerja Gratis Ongkir dengan belanja min. Rp150.000
Shopee,Jam Tangan,Jam Tangan Pria,JamTanganPriaSKMEIORIGINALSKMEI1187SKMEIModelTerbaruDualTime,Rp110.000,Rp93.500,4.7,2172,136,3763,J&T Express Rp36.000Rp16.000 Diterima dalam 5-10 hari kerja Potongan pengiriman sampai Rp20.000 dengan belanja min. Rp90.000
Shopee,Jam Tangan,Jam Tangan Pria,CasioOriginalF200W2ADFreadystockharga1pcHarapdibacarincianproduk,Rp319.000,Rp249.900,4.7,342,1,1163,JNE REG Rp9.000Rp0 Diterima dalam 2-4 hari kerja
Shopee,Jam Tangan,Jam Tangan Pria,READY9WARNAJAMTANGANPRIACASIOGSHOCKGSHOCKGST8600G8600DUATIMEMETALANTIAIR,Rp100.000,Rp85.000,4.6,687,998,807,GO-SEND SAME DAY Rp0 - Rp15.000 Diterima dalam 1-2 hari kerja Gratis Ongkir dengan belanja min. Rp150.000
Shopee,Jam Tangan,Jam Tangan Pria,ALBAORIGINALGARANSIRESMILEATHERBAND01,Rp599.900,Rp419.000,4.7,85,27,787,JNE REG Rp9.000Rp0 Diterima dalam 2-3 hari kerja
Shopee,Jam Tangan,Jam Tangan Pria,READY3WARNAJAMTANGANMURAHPRIAQSQUICKSILVERLEATHERCHRONOVARASIQS006ringrosegold,Rp450.000,Rp45.000,4.6,1313,298,1256,GO-SEND SAME DAY Rp0 - Rp15.000 Diterima dalam 1-2 hari kerja Gratis Ongkir dengan belanja min. Rp150.000
Shopee,Jam Tangan,Jam Tangan Pria,JamTanganPriaSKMEIORIGINALSKMEI1171,Rp122.000 - Rp130.000,Rp103.700 - Rp110.500,4.7,987,82,2412,J&T Express Rp36.000Rp16.000 Diterima dalam 5-10 hari kerja Potongan pengiriman sampai Rp20.000 dengan belanja min. Rp90.000
Shopee,Jam Tangan,Jam Tangan Pria,JAMTANGANMURAHAPPLEWATCHIPHONETOUCHSCREENRANTAIPASIRLEDFULLGOLDAP005,Rp120.000,Rp90.000,4.6,456,123,1062,GO-SEND SAME DAY Rp0 - Rp15.000 Diterima dalam 1-2 hari kerja Gratis Ongkir dengan belanja min. Rp150.000
Shopee,Jam Tangan,Jam Tangan Pria,JamTanganPria9165SKMEIOriginalCasualWatch,Rp200.000,Rp144.000,4.8,294,134,844,J&T Express Rp36.000Rp16.000 Diterima dalam 5-10 hari kerja Potongan pengiriman sampai Rp20.000 dengan belanja min. Rp90.000
Shopee,Jam Tangan,Jam Tangan Pria,BANYAKWARNAJamTanganR1PCURLRCTanggalSabitRP008QuicksilverTanggalHariJamTanganMurah,Rp90.000 - Rp125.000,Rp88.000,4.5,1180,276,1152,GO-SEND SAME DAY Rp0 - Rp15.000 Diterima dalam 1-2 hari kerja Gratis Ongkir dengan belanja min. Rp150.000
Shopee,Jam Tangan,Jam Tangan Pria,JamTanganPriaSKMEIMenAD1081,Rp105.000,Rp96.600,4.8,998,86,1461,J&T Express Rp36.000Rp16.000 Diterima dalam 5-10 hari kerja Potongan pengiriman sampai Rp20.000 dengan belanja min. Rp90.000
Shopee,Jam Tangan,Jam Tangan Pria,JamTanganGCGuessCollectionChronoKulitPINKRGGC001JAMTANGANMURAHBERKUALITAS,Rp100.000,Rp65.000,4.7,728,28,1960,GO-SEND SAME DAY Rp0 - Rp15.000 Diterima dalam 1-2 hari kerja Gratis Ongkir dengan belanja min. Rp150.000
Shopee,Jam Tangan,Jam Tangan Pria,JamTanganPriaSKMEIAD0931OriginalDigitalLEDAnalog,Rp93.000,Rp85.560,4.8,1028,27,2183,J&T Express Rp16.000 - Rp36.000 Diterima dalam 5-10 hari kerja Potongan pengiriman sampai Rp20.000 dengan belanja min. Rp90.000
Shopee,Jam Tangan,Jam Tangan Pria,TURUNHARGAJAMTANGANPRIAGSHOCKDUALTIMEGK001GSHOCKGSHOCKJAMTANGANMURAH,Rp125.000,Rp72.000,4.7,932,82,1237,GO-SEND SAME DAY Rp0 - Rp15.000 Diterima dalam 1-2 hari kerja Gratis Ongkir dengan belanja min. Rp150.000
Shopee,Jam Tangan,Jam Tangan Pria,JamTanganPriaMEGIRML1010GBK7MEGIROriginalCronoTidakAktifPutih,Rp95.000,Rp85.500,4.8,310,24,889,J&T Express Rp0 - Rp9.000 Diterima dalam 2-4 hari kerja Gratis Ongkir dengan belanja min. Rp90.000
Shopee,Jam Tangan,Jam Tangan Pria,FREEBOXBATERAICADANGANJAMTANGANAPPLEWATCHIPHONERUBBERHITAMTOUCHSCREENCASEWARNAAP015,Rp55.000,Rp28.000,4.5,862,929,891,GO-SEND SAME DAY Rp0 - Rp15.000 Diterima dalam 1-2 hari kerja Gratis Ongkir dengan belanja min. Rp150.000
Shopee,Jam Tangan,Jam Tangan Pria,JamTanganPriaCurren8225CurrenOriginal,Rp130.000,Rp123.500,4.8,591,43,1469,J&T Express Rp36.000Rp16.000 Diterima dalam 5-10 hari kerja Potongan pengiriman sampai Rp20.000 dengan belanja min. Rp90.000
Shopee,Jam Tangan,Jam Tangan Pria,JamTanganSevenfridayMSeriesRoseGoldHITAMM1M2V1V2P1P2SF002SFSEVENFRIDAY,Rp195.000,Rp105.000,4.5,444,61,890,GO-SEND SAME DAY Rp0 - Rp15.000 Diterima dalam 1-2 hari kerja Gratis Ongkir dengan belanja min. Rp150.000
Shopee,Jam Tangan,Jam Tangan Pria,JamTanganPriaSKMEIORIGINALSKMEI1155SKMEIDenim,Rp100.000,Rp80.000,4.9,838,207,1097,J&T Express Rp16.000 - Rp36.000 Diterima dalam 5-10 hari kerja Potongan pengiriman sampai Rp20.000 dengan belanja min. Rp90.000
Shopee,Jam Tangan,Jam Tangan Pria,JAMTANGANGSHOCKDUALTIMEGA150HITAMGK010JAMTANGANMURAH,Rp125.000,Rp85.000,4.5,426,89,717,GO-SEND SAME DAY Rp0 - Rp15.000 Diterima dalam 1-2 hari kerja Gratis Ongkir dengan belanja min. Rp150.000
Shopee,Jam Tangan,Jam Tangan Pria,JamTanganPriaSKMEIOriginal1270DualTimeWatch,Rp112.000,Rp88.480,4.8,996,286,1363,J&T Express Rp16.000 - Rp36.000 Diterima dalam 5-10 hari kerja Potongan pengiriman sampai Rp20.000 dengan belanja min. Rp90.000
Shopee,Jam Tangan,Jam Tangan Pria,JAMTANGANNIXONRERUNGOLDNX001JAMTANGANMURAHBERKUALITAS,Rp70.000,Rp63.000,4.7,776,28,881,GO-SEND SAME DAY Rp0 - Rp15.000 Diterima dalam 1-2 hari kerja Gratis Ongkir dengan belanja min. Rp150.000
Shopee,Jam Tangan,Jam Tangan Pria,JamTanganPriaSKMEIORIGINALSKMEI1220SKMEISILVER,Rp130.000,Rp88.400,4.8,657,27,1474,J&T Express Rp16.000 - Rp36.000 Diterima dalam 5-10 hari kerja Potongan pengiriman sampai Rp20.000 dengan belanja min. Rp90.000
Shopee,Jam Tangan,Jam Tangan Pria,READY4WARNAJamTanganRipcurlRCRantaiStainlessChronoOnFullBlackRP002JamTanganMurah,Rp190.000 - Rp250.000,Rp190.000,4.5,270,72,571,GO-SEND SAME DAY Rp15.000Rp0 Diterima dalam 1-2 hari kerja Gratis Ongkir dengan belanja min. Rp150.000
Shopee,Jam Tangan,Jam Tangan Pria,JamTanganPriaSKMEI9071SKMEIORIGINAL,Rp105.000,Rp96.600,4.8,418,37,909,J&T Express Rp36.000Rp16.000 Diterima dalam 5-10 hari kerja Potongan pengiriman sampai Rp20.000 dengan belanja min. Rp90.000
Shopee,Jam Tangan,Jam Tangan Pria,JAMTANGANAPPLEWATCHIPHONERANTAISLIMFULLBLACKJAMTANGANMURAHAP004,Rp145.000,Rp90.000,4.7,407,59,839,GO-SEND SAME DAY Rp0 - Rp15.000 Diterima dalam 1-2 hari kerja Gratis Ongkir dengan belanja min. Rp150.000
Shopee,Jam Tangan,Jam Tangan Pria,SALEJAMTANGANGSHOCKGSHOCKDUALTIMEGWG1000BLACKGOLDHITAMLISTGOLDGK002GSHOCKGSHOCK,Rp125.000,Rp68.500,4.7,947,136,837,GO-SEND SAME DAY Rp0 - Rp15.000 Diterima dalam 1-2 hari kerja Gratis Ongkir dengan belanja min. Rp150.000
Shopee,Jam Tangan,Jam Tangan Pria,JamTanganPriaSKMEISport0989SKMEIORIGINAL,Rp70.000,Rp64.400,4.8,723,41,1052,J&T Express Rp16.000 - Rp36.000 Diterima dalam 5-10 hari kerja Potongan pengiriman sampai Rp20.000 dengan belanja min. Rp90.000
Shopee,Jam Tangan,Jam Tangan Pria,JamTanganPriaSKMEIORIGINALSKMEI9092,Rp94.000,Rp86.480,4.7,658,40,1112,J&T Express Rp16.000 - Rp36.000 Diterima dalam 5-10 hari kerja Potongan pengiriman sampai Rp20.000 dengan belanja min. Rp90.000
Shopee,Jam Tangan,Jam Tangan Pria,JamTanganPriaSKMEIOriginalAnalogSKMEI9070CasualStyle,Rp99.999,Rp91.999,4.8,691,21,1319,J&T Express Rp36.000Rp16.000 Diterima dalam 5-10 hari kerja Potongan pengiriman sampai Rp20.000 dengan belanja min. Rp90.000
Shopee,Jam Tangan,Jam Tangan Pria,JamTanganSKMEI133828KotadiduniaModelterbarudanterbaik2018DigitalWatch,Rp90.000 - Rp117.000,Rp72.000 - Rp93.600,4.7,238,49,655,J&T Express Rp16.000 - Rp36.000 Diterima dalam 5-10 hari kerja Potongan pengiriman sampai Rp20.000 dengan belanja min. Rp90.000
Shopee,Jam Tangan,Jam Tangan Pria,JamTanganPriaQuiksilverHariTanggal,Rp180.000,Rp115.000,4.6,1362,18,4249,J&T Express Rp10.000Rp0 Diterima dalam 2-3 hari kerja Gratis Ongkir dengan belanja min. Rp50.000
Shopee,Jam Tangan,Jam Tangan Pria,JamTanganPriaCURREN8023III,Rp120.000,Rp99.000,4.8,687,300,1560,J&T Express Rp36.000Rp16.000 Diterima dalam 5-10 hari kerja Potongan pengiriman sampai Rp20.000 dengan belanja min. Rp90.000
Shopee,Jam Tangan,Jam Tangan Pria,ELBERJ101JAMTANGANPRIAWANITAJamTanganLampuFashionJamTanganTerbaru,Rp34.000,Rp25.500,4.7,1749,268,1555,J&T Express Rp16.000 - Rp36.000 Diterima dalam 5-10 hari kerja Potongan pengiriman sampai Rp20.000 dengan belanja min. Rp90.000
Shopee,Jam Tangan,Jam Tangan Pria,SKMEI1299JamTanganPriaAsliPriaTahanAirLEDDigitalWristWatchReadyStock,Rp194.500,Rp63.000 - Rp75.000,4.6,508,95,1038,Standar Ekspres Rp0 - Rp10.000 Diterima dalam 7-13 hari kerja Potongan pengiriman sampai Rp10.000 dengan belanja min. Rp90.000
Shopee,Jam Tangan,Jam Tangan Pria,JamTanganPriaKorekElektrikUSBHadiahApiRokokCigarreteLighterWatchJamTanganAnalog,0,Rp88.000,4.8,635,326,643,GO-SEND SAME DAY Rp0 - Rp15.000 Diterima dalam 1-2 hari kerja Gratis Ongkir dengan belanja min. Rp90.000
Shopee,Jam Tangan,Jam Tangan Pria,READYTIDAKPOJamTanganPriaGShockGST8600TerlarisBAHANMETAL,Rp84.500 - Rp130.000,Rp84.500,4.5,736,348,841,J&T Express Rp10.000Rp0 Diterima dalam 2-3 hari kerja
Shopee,Jam Tangan,Jam Tangan Pria,JamtangankayuLanccelotAegisofMalukuUnisex,Rp785.000,Rp667.250,4.8,77,7,720,JNE REG Rp9.000Rp0 Diterima dalam 2-3 hari kerja
Shopee,Jam Tangan,Jam Tangan Pria,BESTSELLERJAMTANGANSPORTPRIAGSHOCKGWG1000,Rp170.000,Rp76.500,4.7,708,230,637,J&T Express Rp0 - Rp10.000 Diterima dalam 2-4 hari kerja Gratis Ongkir dengan belanja min. Rp90.000
Shopee,Jam Tangan,Jam Tangan Pria,SKMEI1213JamTanganPriaSportwatchDualTimeBackLightChronographWaterResistant50M,Rp100.000,Rp62.500,4.6,661,165,1125,JNE REG Rp0 - Rp9.000 Diterima dalam 2-3 hari kerja Gratis Ongkir dengan belanja min. Rp150.000
Shopee,Jam Tangan,Jam Tangan Pria,JamtanganpriaGshockGST8600FREEBOXDANBATRAICADANGAN,Rp140.000,Rp89.600,4.4,500,241,509,J&T Express Rp0 - Rp10.000 Diterima dalam 2-3 hari kerja Gratis Ongkir dengan belanja min. Rp90.000
Shopee,Jam Tangan,Jam Tangan Pria,JamTanganPriaRipcurlDetroitKulitListGold,Rp210.000,Rp115.000,4.5,527,191,798,J&T Express Rp10.000Rp0 Diterima dalam 2-3 hari kerja
Shopee,Jam Tangan,Jam Tangan Pria,2018JamTanganFashionPriaDesainTerbaruTaliKulitSimpeldenganTombol,Rp36.300,Rp31.670,4.6,497,185,1288,
Shopee,Jam Tangan,Jam Tangan Pria,JamTanganPriaCurren8262CurrenOriginal,Rp215.000,Rp204.250,4.8,185,10,736,
Shopee,Jam Tangan,Jam Tangan Pria,JamTanganPriaSKMEIORIGINALSKMEI1228SKMEI,Rp102.000,Rp89.760,4.9,912,98,1660,J&T Express Rp16.000 - Rp36.000 Diterima dalam 5-10 hari kerja Potongan pengiriman sampai Rp20.000 dengan belanja min. Rp90.000
Shopee,Jam Tangan,Jam Tangan Pria,PROMOJamTanganPriaQuicksilverSurfkulitQuiksilverTglTanggalHari,Rp125.000,Rp92.000,4.7,2658,805,2263,
Shopee,Jam Tangan,Jam Tangan Pria,JAMTANGANPRIAELEGANTALIKULITRIPCURLCRONOVARIASITANGGALAKTIFFASHIONPRIAAntiAirSport,Rp139.000,Rp95.900,4.4,146,56,630,Standar Ekspres Rp10.000Rp0 Diterima dalam 7-13 hari kerja Potongan pengiriman sampai Rp10.000 dengan belanja min. Rp90.000
Shopee,Jam Tangan,Jam Tangan Pria,JamCasioGShockGSteelGST8600FullBlackGradeOriginalDigitalAnalogTimepiecesGST200GST300,Rp180.000,Rp108.000,4.6,388,96,938,J&T Express Rp10.000Rp0 Diterima dalam 2-3 hari kerja Gratis Ongkir dengan belanja min. Rp90.000
Shopee,Jam Tangan,Jam Tangan Pria,JamtangankayuLanccelotAegisofSumatraUnisex,Rp785.000,Rp667.250,4.8,85,21,879,JNE REG Rp9.000Rp0 Diterima dalam 2-3 hari kerja
Shopee,Jam Tangan,Jam Tangan Pria,JamTanganPriaSKMEI1274OriginalSportWatchDualTime,Rp120.000,Rp90.000,4.8,1655,354,2088,J&T Express Rp36.000Rp16.000 Diterima dalam 5-10 hari kerja Potongan pengiriman sampai Rp20.000 dengan belanja min. Rp90.000
Shopee,Jam Tangan,Jam Tangan Pria,JamTanganPriaSKMEIOriginal9140AnalogWatch,Rp150.000,Rp138.000,4.8,652,33,1630,J&T Express Rp36.000Rp16.000 Diterima dalam 5-10 hari kerja Potongan pengiriman sampai Rp20.000 dengan belanja min. Rp90.000
Shopee,Jam Tangan,Jam Tangan Pria,CasioOriginalreadyallvariasiMW600fJamTanganUnisexHitam,Rp409.000,Rp309.900,4.6,123,4,765,JNE REG Rp9.000Rp0 Diterima dalam 2-4 hari kerja
