category,main class,item name,price info,price,monthly sales,item url,item picture
MenShoes,Boots,Sepatu Boots Humm3r Golem size 39-44 dan 45-48,Rp198000 - Rp279000,238500,1549,https://shopee.co.id/Sepatu-Boots-Humm3r-Golem-size-39-44-dan-45-48-i.40377301.933066496,https://cf.shopee.co.id/file/c11757c079d3611d2ff9e2beef2ef41a
MenShoes,Sandals,Sandal slop kokop bulu rashfur,Rp5500,5500,2639,https://shopee.co.id/Sandal-slop-kokop-bulu-rashfur-i.57864847.1313983066,https://cf.shopee.co.id/file/d76c5c7b9583f8ece1fc0e97f599042c
MenShoes,Sandals,Sandal (sendal) Masjid Musholla Wudhu Wakaf Sedekah - Sandal Jepit SJW 01,Rp7000,7000,2270,https://shopee.co.id/Sandal-(sendal)-Masjid-Musholla-Wudhu-Wakaf-Sedekah-Sandal-Jepit-SJW-01-i.89768968.1625912569,https://cf.shopee.co.id/file/d094b5a9bdb5736f3d3bf526879121b4
MenShoes,Sandals,Arsy Sandal Gunung Slop / Sandal Pria - Hitam,Rp24900,24900,1572,https://shopee.co.id/Arsy-Sandal-Gunung-Slop-Sandal-Pria-Hitam-i.17426628.165498772,https://cf.shopee.co.id/file/28bd1c01c1ea85a0533dfaf5400be255
MenShoes,Sneakers,Sepatu Adidas Italy New Edition Size 39-43,Rp34000,34000,3212,https://shopee.co.id/Sepatu-Adidas-Italy-New-Edition-Size-39-43-i.11461206.1498532137,https://cf.shopee.co.id/file/12b052746c735fc65d2efc485e365684
MenShoes,Sneakers,NEW ADIDAS RUNNING NEO MAN,Rp45500,45500,2732,https://shopee.co.id/NEW-ADIDAS-RUNNING-NEO-MAN-i.11461206.1703536652,https://cf.shopee.co.id/file/34b1094419ed8c218f0ab3b48337b204
MenShoes,Sneakers,NIKE AIRMAX NEW EDITION 39-43,Rp45500,45500,2450,https://shopee.co.id/NIKE-AIRMAX-NEW-EDITION-39-43-i.11461206.1782696799,https://cf.shopee.co.id/file/6346fedd27e8fb0b502e079a021e529f
MenShoes,Sneakers,Sepatu Converse All Star The Best Quality + BOX CONVERSE,Rp53000,53000,2079,https://shopee.co.id/Sepatu-Converse-All-Star-The-Best-Quality-BOX-CONVERSE-i.2882546.227198457,https://cf.shopee.co.id/file/6526d93fbb2ed10ac26df118e3ac2021
MenShoes,Sneakers,Sepatu Nike V2 Zoom Running New Edition Size 39-43,Rp34000,34000,1932,https://shopee.co.id/Sepatu-Nike-V2-Zoom-Running-New-Edition-Size-39-43-i.11461206.1498505151,https://cf.shopee.co.id/file/4f28cf7e9853337618184c0b99a478da
MenShoes,Sneakers,IMPORT SEPATU V TALI PRIA !!! - 3 WARNA,Rp79000,79000,1912,https://shopee.co.id/IMPORT-SEPATU-V-TALI-PRIA-!!!-3-WARNA-i.6027438.1165412519,https://cf.shopee.co.id/file/178c052db514fb59c2b9f6f6db314b40
MenShoes,ShoesAccessory,Kaos Kaki Ankle Cute Kaos Kaki Motif Kaos Kaki Semata Kaki,Rp3049,3049,15895,https://shopee.co.id/Kaos-Kaki-Ankle-Cute-Kaos-Kaki-Motif-Kaos-Kaki-Semata-Kaki-i.6358511.1633045235,https://cf.shopee.co.id/file/0ef6fdc577b23ffd6f1b3731eaa59255
MenShoes,ShoesAccessory,FYGALERY D020 KAOS KAKI POLOS 6 GARIS KAOS KAKI MURAH BATAM KAOS KAKI FASHION WANITA.PRIA IMPORT,Rp4850,4850,4469,https://shopee.co.id/FYGALERY-D020-KAOS-KAKI-POLOS-6-GARIS-KAOS-KAKI-MURAH-BATAM-KAOS-KAKI-FASHION-WANITA.PRIA-IMPORT-i.11184349.1912924784,https://cf.shopee.co.id/file/149e0801f27db55795574ea737fa9563
MenShoes,ShoesAccessory,Kaoskaki skate motif donat catur england pisang ayam dll,Rp15000,15000,4845,https://shopee.co.id/Kaoskaki-skate-motif-donat-catur-england-pisang-ayam-dll-i.53937671.866097874,https://cf.shopee.co.id/file/879759a5ffabfe5aed68babc0cfd9b1f
MenShoes,ShoesAccessory,SALE !! Kaos kaki Skate Oldschool kodachi kaos kaki stripe banyak motif england donat Renovan,Rp10800,10800,2100,https://shopee.co.id/SALE-!!-Kaos-kaki-Skate-Oldschool-kodachi-kaos-kaki-stripe-banyak-motif-england-donat-Renovan-i.53130352.1039861456,https://cf.shopee.co.id/file/13c64c2bba795a40cc069387997e533f
MenShoes,ShoesAccessory,[COD available] POPULER Kaos Kaki Pria Model Sport Casual Bahan Serat Bambu Breathable untuk Bisnis,Rp9999,9999,1948,https://shopee.co.id/-COD-available-POPULER-Kaos-Kaki-Pria-Model-Sport-Casual-Bahan-Serat-Bambu-Breathable-untuk-Bisnis-i.66406573.1187251468,https://cf.shopee.co.id/file/06d9b307a20a07e49d1740d02ee626be
MenShoes,ShoesAccessory,ELBER D020 KAOS KAKI POLOS BERGARIS 6 KAOS KAKI MURAH BATAM KAOS KAKI WANITA/PRIA KAOS KAKI IMPORT,Rp4850,4850,1837,https://shopee.co.id/ELBER-D020-KAOS-KAKI-POLOS-BERGARIS-6-KAOS-KAKI-MURAH-BATAM-KAOS-KAKI-WANITA-PRIA-KAOS-KAKI-IMPORT-i.6358511.1912938350,https://cf.shopee.co.id/file/58b9830a62dc42712c191c31940a1f14
MenShoes,ShoesAccessory,Kaos Kaki Skate Oldschool England Daun Ayam Batik Donat Zebra Simpson Renovan Catur (Gambar Lengkap),Rp10000,10000,1823,https://shopee.co.id/Kaos-Kaki-Skate-Oldschool-England-Daun-Ayam-Batik-Donat-Zebra-Simpson-Renovan-Catur-(Gambar-Lengkap)-i.127333616.1922246965,https://cf.shopee.co.id/file/d81d246ac677817d6e3d4a150da320cf
MenShoes,ShoesAccessory,Kaos Kaki Sock Oldschool Skate Strip Motif Batik Tribal Terbaru,Rp11000,11000,2060,https://shopee.co.id/Kaos-Kaki-Sock-Oldschool-Skate-Strip-Motif-Batik-Tribal-Terbaru-i.121294625.1860998418,https://cf.shopee.co.id/file/3ba471fa682cfee685b3269788b121be
Watches,MenWatches,Jam Tangan Q&Q Jelly Angka Rubber Transparant Transparan bening Karet jam tangan murah // QQ QQ001,Rp12000 - Rp12800,12400,50363,https://shopee.co.id/Jam-Tangan-Q-Q-Jelly-Angka-Rubber-Transparant-Transparan-bening-Karet-jam-tangan-murah-QQ-QQ001-i.3720074.937914384,https://cf.shopee.co.id/file/93ddf26de1c5e258fe74e1db74ef48a7
Watches,MenWatches,READY 6 WARNA ANTI AIR RUBBER JAM TANGAN PRIA MURAH CASIO G-SHOCK GSHOCK DUAL-TIME GWG-1000 GK002,Rp68500,68500,7362,https://shopee.co.id/READY-6-WARNA-ANTI-AIR-RUBBER-JAM-TANGAN-PRIA-MURAH-CASIO-G-SHOCK-GSHOCK-DUAL-TIME-GWG-1000-GK002-i.3720074.18298860,https://cf.shopee.co.id/file/c6cf4b7d0936501e116fb4bcb374767e
Watches,MenWatches,ELBER J138 JAM TANGAN LED DIGITAL FASHION KISD & TEENAGER (REMAJA) DISPLAY WATCH ELEKTRONIK IMPORT,Rp8798,8798,5498,https://shopee.co.id/ELBER-J138-JAM-TANGAN-LED-DIGITAL-FASHION-KISD-TEENAGER-(REMAJA)-DISPLAY-WATCH-ELEKTRONIK-IMPORT-i.6358511.1759406125,https://cf.shopee.co.id/file/1fedc0ee8800ce065a7e2599e245e3e4
Watches,MenWatches,Jam Tangan Pria G-Shock GWG 1000 Gshock Digital Double Time Rubber,Rp68000,68000,3687,https://shopee.co.id/Jam-Tangan-Pria-G-Shock-GWG-1000-Gshock-Digital-Double-Time-Rubber-i.7662138.180538538,https://cf.shopee.co.id/file/ff877b8677c8ba30ba1d013fd57f1e52
Watches,MenWatches,Q&Q 01 Jam Tangan Jelly Angka Rubber Transparant Transparan Bening Karet Watch,Rp11500,11500,4083,https://shopee.co.id/Q-Q-01-Jam-Tangan-Jelly-Angka-Rubber-Transparant-Transparan-Bening-Karet-Watch-i.12495508.1803234962,https://cf.shopee.co.id/file/96ace6a125e5b411a70792cf1a207ea4
Watches,MenWatches,JAM TANGAN SWATCH RUBBER ANGKA JAM TANGAN MURAH PRIA WANITA SW001,Rp19000,19000,2941,https://shopee.co.id/JAM-TANGAN-SWATCH-RUBBER-ANGKA-JAM-TANGAN-MURAH-PRIA-WANITA-SW001-i.3720074.1189844661,https://cf.shopee.co.id/file/6e5dbf362939f18dda16c8eec34f67d7
Watches,MenWatches,PROMO!!! Jam Tangan Q&Q Angka Rubber Transparant Transparan Bening Karet Murah QQ Best Seller,Rp12000,12000,3405,https://shopee.co.id/PROMO!!!-Jam-Tangan-Q-Q-Angka-Rubber-Transparant-Transparan-Bening-Karet-Murah-QQ-Best-Seller-i.7662138.1904953462,https://cf.shopee.co.id/file/0a907947f199052cfe24c5d1983214b6
Watches,MenWatches,PROMO 12.12 G shock Gwg 1000 Jam Tangan Pria,Rp64000 - Rp64064,64032,2750,https://shopee.co.id/PROMO-12.12-G-shock-Gwg-1000-Jam-Tangan-Pria-i.17800584.171827469,https://cf.shopee.co.id/file/be58e722dbf1c9303f5203cef234685a
Watches,MenWatches,FYG J-102 JAM TANGAN Fashion Kanvas,Rp18610,18610,2612,https://shopee.co.id/FYG-J-102-JAM-TANGAN-Fashion-Kanvas-i.11184349.845411998,https://cf.shopee.co.id/file/c7960107a80d067cdfbd73bf4fb3b358
Watches,MenWatches,? INDOLAND ? READY STOCK JAM TANGAN LED DIGITAL IMPOR MURAH,Rp6300,6300,2914,https://shopee.co.id/?-INDOLAND-?-READY-STOCK-JAM-TANGAN-LED-DIGITAL-IMPOR-MURAH-i.36604406.1455237224,https://cf.shopee.co.id/file/054bae95f343151d303d5d52a65e221a
Watches,MenWatches,Jam Tangan Pria Korek Elektrik USB Hadiah Api Rokok Cigarrete Lighter Watch Jam Tangan Analog,Rp67000,67000,4473,https://shopee.co.id/Jam-Tangan-Pria-Korek-Elektrik-USB-Hadiah-Api-Rokok-Cigarrete-Lighter-Watch-Jam-Tangan-Analog-i.29758610.1168242667,https://cf.shopee.co.id/file/17e133d081ce097d8a0524e165ba35a0
Watches,MenWatches,? TK ? JAM TANGAN LED COUPLE DIGITAL PRIA WANITA LAYAR GEDE IMPORT MURAH FASHION BATAM,Rp8798,8798,2462,https://shopee.co.id/?-TK-?-JAM-TANGAN-LED-COUPLE-DIGITAL-PRIA-WANITA-LAYAR-GEDE-IMPORT-MURAH-FASHION-BATAM-i.87389524.1579804402,https://cf.shopee.co.id/file/04a0ccc6fb3c12948a4bf83fd1ebd5b7
Watches,MenWatches,Lumin LD1 LED Jam Tangan Analog Digital Watch,Rp13000,13000,2472,https://shopee.co.id/Lumin-LD1-LED-Jam-Tangan-Analog-Digital-Watch-i.12495508.1169395425,https://cf.shopee.co.id/file/914f1978400eb647bd73609c3be1c441
Watches,MenWatches,ANTI AIR BEST SELLER - JAM G-SHOCK DUAL TIME GWG / Jam Tangan Pria G-Shock 2 Time,Rp60200 - Rp65000,62600,1999,https://shopee.co.id/ANTI-AIR-BEST-SELLER-JAM-G-SHOCK-DUAL-TIME-GWG-Jam-Tangan-Pria-G-Shock-2-Time-i.7942015.111271999,https://cf.shopee.co.id/file/0cdd5e8ce0bea8621a0616f3c19debc1
Watches,MenWatches,FREE BOX & BATERAI CADANGAN JAM TANGAN APPLE WATCH IPHONE RUBBER HITAM TOUCH SCREEN CASE WARNA AP015,Rp28000,28000,1951,https://shopee.co.id/FREE-BOX-BATERAI-CADANGAN-JAM-TANGAN-APPLE-WATCH-IPHONE-RUBBER-HITAM-TOUCH-SCREEN-CASE-WARNA-AP015-i.3720074.1400948547,https://cf.shopee.co.id/file/d1513643f90af65d8c8f4ad73024fc45
Watches,MenWatches,Lumin LD2 Jam Tangan LED Sport Wrist Band TERMASUK KOTAK watch,Rp7700,7700,2455,https://shopee.co.id/Lumin-LD2-Jam-Tangan-LED-Sport-Wrist-Band-TERMASUK-KOTAK-watch-i.12495508.1444832387,https://cf.shopee.co.id/file/31d798cf9cb3afd50b15953af092ee8b
Watches,MenWatches,Jam tangan G-SHOCK sporty GWG1000,Rp150000,150000,1981,https://shopee.co.id/Jam-tangan-G-SHOCK-sporty-GWG1000-i.73561981.1387450316,https://cf.shopee.co.id/file/815596b4254b91a55d81b2edf7610b13
Watches,MenWatches,Jam Tangan Pria G Shock GG Digital,Rp65000,65000,1755,https://shopee.co.id/Jam-Tangan-Pria-G-Shock-GG-Digital-i.17800584.1804896952,https://cf.shopee.co.id/file/7631fdb5d2e3f5271b066a48d5027655
Watches,MenWatches,【Bayar di Tempat 】Fashion Pria: EGY Jam Tangan LED Mewah Anti Air untuk Pelajar/Hadiah,Rp13000,13000,1724,https://shopee.co.id/【Bayar-di-Tempat-】Fashion-Pria-EGY-Jam-Tangan-LED-Mewah-Anti-Air-untuk-Pelajar-Hadiah-i.27636663.406124016,https://cf.shopee.co.id/file/10fc15e9d4f7e358dee34578d36474a9
Watches,MenWatches,Batere Jam Tangan,Rp750,750,1668,https://shopee.co.id/Batere-Jam-Tangan-i.90309109.1620332891,https://cf.shopee.co.id/file/2a7c8537938041ea557aa2d2ec1c24a1
Watches,MenWatches,Geneva 268 J-102 JAM TANGAN Fashion Kanvas Geneva - TANPA KOTAK watch,Rp17500,17500,2114,https://shopee.co.id/Geneva-268-J-102-JAM-TANGAN-Fashion-Kanvas-Geneva-TANPA-KOTAK-watch-i.12495508.1444702623,https://cf.shopee.co.id/file/4a938b9c64a7eef11bc347fa5ead76bb
Watches,WomenWatches,TERBARU ! Jam Tangan Q&Q termurah Rubber Angka Rubber candy Karet jam tangan unisex murah QQ VP46,Rp14500,14500,16294,https://shopee.co.id/TERBARU-!-Jam-Tangan-Q-Q-termurah-Rubber-Angka-Rubber-candy-Karet-jam-tangan-unisex-murah-QQ-VP46-i.3720074.988591528,https://cf.shopee.co.id/file/608c4e127262d62da599b915c8885583
Watches,WomenWatches,[ READY 5 WARNA ] JAM TANGAN MURAH DIOR MAGNET PLAT DIAMOND GLITTER PREMIUM // DR008,Rp48000,48000,14487,https://shopee.co.id/-READY-5-WARNA-JAM-TANGAN-MURAH-DIOR-MAGNET-PLAT-DIAMOND-GLITTER-PREMIUM-DR008-i.3720074.1587892462,https://cf.shopee.co.id/file/bf0e84fc74abf70fed7c9bde0a77050a
Watches,WomenWatches,Jam Tangan Q&Q Jelly Terlaris,Rp11400,11400,19382,https://shopee.co.id/Jam-Tangan-Q-Q-Jelly-Terlaris-i.17800584.1804870627,https://cf.shopee.co.id/file/80ee82a202343cf5a8be06cbfebd21d8
Watches,WomenWatches,FYG J-100 Jam Tangan Geneva Leather Quartz Jam Tangan Fashion Wanita Jam Tangan Kulit Analog Cewek,Rp9731,9731,16010,https://shopee.co.id/FYG-J-100-Jam-Tangan-Geneva-Leather-Quartz-Jam-Tangan-Fashion-Wanita-Jam-Tangan-Kulit-Analog-Cewek-i.11184349.829122351,https://cf.shopee.co.id/file/cd5b7036752ce754a8f7e9d0452b01bf
Watches,WomenWatches,Jam Tangan Geneva Leather Quartz Fashion Wanita Kulit,Rp10300,10300,23527,https://shopee.co.id/Jam-Tangan-Geneva-Leather-Quartz-Fashion-Wanita-Kulit-i.6929530.1700350684,https://cf.shopee.co.id/file/6493662513a4d19ab0a1eef31c1332f6
Watches,WomenWatches,FYGALERY J-189 JAM TANGAN TRANSPARAN MEREK FYGALERY JAM FASHION,Rp11000,11000,13241,https://shopee.co.id/FYGALERY-J-189-JAM-TANGAN-TRANSPARAN-MEREK-FYGALERY-JAM-FASHION-i.11184349.1359155226,https://cf.shopee.co.id/file/1de073011687c7a7a2b02b6860775e1c
Watches,WomenWatches,FYGALERY J138 JAM TANGAN DIGITAL LED DISPLAY WATCH ELEKTRONIK DIGITAL FASHION KISD&TEENAGER(REMAJA),Rp8798,8798,12320,https://shopee.co.id/FYGALERY-J138-JAM-TANGAN-DIGITAL-LED-DISPLAY-WATCH-ELEKTRONIK-DIGITAL-FASHION-KISD-TEENAGER(REMAJA)-i.11184349.1759365877,https://cf.shopee.co.id/file/b8b76135dd83b4d3908932f9609b1c2d
Watches,WomenWatches,Cognos (1KG = 50 pcs) Geneva 263 Jam Tangan Wanita - TANPA KOTAK - Fashion Casual Lady Wrist Watch,Rp11200,11200,16995,https://shopee.co.id/Cognos-(1KG-50-pcs)-Geneva-263-Jam-Tangan-Wanita-TANPA-KOTAK-Fashion-Casual-Lady-Wrist-Watch-i.12495508.695782024,https://cf.shopee.co.id/file/6098bdc92e1ef6e984ecbda6f6d08218
Watches,WomenWatches,JAM TANGAN WANITA DIOR RANTAI,Rp19000,19000,13009,https://shopee.co.id/JAM-TANGAN-WANITA-DIOR-RANTAI-i.48192599.1658074053,https://cf.shopee.co.id/file/d43f4452ec92ef953343961cd87dc04c
Watches,WomenWatches,Jam tangan Ruber Q&Q original JELLY angka Transparan Jam tangan murah Original,Rp12500,12500,12137,https://shopee.co.id/Jam-tangan-Ruber-Q-Q-original-JELLY-angka-Transparan-Jam-tangan-murah-Original-i.77894528.1338712712,https://cf.shopee.co.id/file/dc8900b16d75615afe420c834490672a
Watches,WomenWatches,Jam Tangan Q&Q RUBER ORIGINAL jam tangan qnq anti air,Rp10500 - Rp14500,12500,11832,https://shopee.co.id/Jam-Tangan-Q-Q-RUBER-ORIGINAL-jam-tangan-qnq-anti-air-i.77894528.1436843137,https://cf.shopee.co.id/file/91d5775bdf380a9150e29188969779ad
Watches,WomenWatches,[ READY 7 WARNA ] JAM TANGAN WANITA MURAH PREMIUM RANTAI GUCCI MAGNET PASIR PLAT GLITTER // GU013,Rp46000 - Rp58000,52000,9481,https://shopee.co.id/-READY-7-WARNA-JAM-TANGAN-WANITA-MURAH-PREMIUM-RANTAI-GUCCI-MAGNET-PASIR-PLAT-GLITTER-GU013-i.3720074.1508108104,https://cf.shopee.co.id/file/87a2630ae8f02f4a0a5509128b8c10ac
Watches,WomenWatches,jam Tangan Q&Q JELLY Angka Transparant Transparan jam tangan murah,Rp12400,12400,9788,https://shopee.co.id/jam-Tangan-Q-Q-JELLY-Angka-Transparant-Transparan-jam-tangan-murah-i.7942015.1341137906,https://cf.shopee.co.id/file/b7e5f12811760d9d1b0cba065d78c840
Watches,WomenWatches,Jam Tangan Q&Q Rubber Karet Termurah,Rp12000 - Rp14800,13400,7370,https://shopee.co.id/Jam-Tangan-Q-Q-Rubber-Karet-Termurah-i.17800584.1804850526,https://cf.shopee.co.id/file/83b3f2b9d08559c277fd79f910334aa3
Watches,WomenWatches,ELBER J-189 JAM TANGAN TRANSPARAN MERK FYGALERY JAM FASHION WANITA,Rp11000,11000,6899,https://shopee.co.id/ELBER-J-189-JAM-TANGAN-TRANSPARAN-MERK-FYGALERY-JAM-FASHION-WANITA-i.6358511.1359176454,https://cf.shopee.co.id/file/1de073011687c7a7a2b02b6860775e1c
Watches,WomenWatches,NEW !! [ READY 10 WARNA ] JAM TANGAN MURAH Q&Q VR19 QNQ TERMURAH // QQ010,Rp18500,18500,5994,https://shopee.co.id/NEW-!!-READY-10-WARNA-JAM-TANGAN-MURAH-Q-Q-VR19-QNQ-TERMURAH-QQ010-i.3720074.1814954581,https://cf.shopee.co.id/file/2aea6b780fbfec457e8e6973bac37c2c
Watches,WomenWatches,ELBER GENEVA J-100 Jam Tangan Geneva Leather Quartz Jam Tangan Fashion Wanita Kulit Wanita,Rp9731,9731,6172,https://shopee.co.id/ELBER-GENEVA-J-100-Jam-Tangan-Geneva-Leather-Quartz-Jam-Tangan-Fashion-Wanita-Kulit-Wanita-i.6358511.829093347,https://cf.shopee.co.id/file/5a0cee9726a848defa1f524062ba8c5c
Watches,WomenWatches,Jam Tangan Wanita Gucci Magnet Tanggal Rantai,Rp45900 - Rp57500,51700,5264,https://shopee.co.id/Jam-Tangan-Wanita-Gucci-Magnet-Tanggal-Rantai-i.7662138.1518909682,https://cf.shopee.co.id/file/988f123792f35a2384ebf4c41a59edf6
Watches,WomenWatches,Jam Tangan Dior Kaca Belimbing RANTAI,Rp22800,22800,4450,https://shopee.co.id/Jam-Tangan-Dior-Kaca-Belimbing-RANTAI-i.17800584.1826060122,https://cf.shopee.co.id/file/d8cac6a1e51220670c0261984d9bb632
Watches,WomenWatches,READY LAGI 10 WARNA !! JAM TANGAN DIOR KULIT KACA BELIMBING JAM TANGAN MURAH // DR001,Rp26000,26000,4323,https://shopee.co.id/READY-LAGI-10-WARNA-!!-JAM-TANGAN-DIOR-KULIT-KACA-BELIMBING-JAM-TANGAN-MURAH-DR001-i.3720074.1231413025,https://cf.shopee.co.id/file/5c311d3d499008c022397c6b26be072b
Watches,WomenWatches,FYGALERY J-192 JAM TANGAN FASHION WANITA ELLIETH JAM TANGAN IMPORT JAM TANGAN CANTIK,Rp18500,18500,3999,https://shopee.co.id/FYGALERY-J-192-JAM-TANGAN-FASHION-WANITA-ELLIETH-JAM-TANGAN-IMPORT-JAM-TANGAN-CANTIK-i.11184349.1349336242,https://cf.shopee.co.id/file/f429a78abce4a80ff819f3ac379c0172
Watches,WomenWatches,(Dikirim dari Jakarta) BISA COD BAYAR DITEMPAT Jam Tangan Wanita Geneva Strap Kulit Romawi GI-15,Rp12800,12800,3901,https://shopee.co.id/(Dikirim-dari-Jakarta)-BISA-COD-BAYAR-DITEMPAT-Jam-Tangan-Wanita-Geneva-Strap-Kulit-Romawi-GI-15-i.67736377.1120753465,https://cf.shopee.co.id/file/49d0ac07985a4ade6299eab46d83ac98
Watches,WomenWatches,OSM - J028 (Free 1 Battery) Jam Tangan Geneva / Analog Quartz / Jam Tangan Cewek / Watch / Arloji,Rp10150,10150,4290,https://shopee.co.id/OSM-J028-(Free-1-Battery)-Jam-Tangan-Geneva-Analog-Quartz-Jam-Tangan-Cewek-Watch-Arloji-i.26616655.1209269163,https://cf.shopee.co.id/file/a6bb604ce602470aa562ddc34adad025
Watches,WomenWatches,jam Tangan Q&Q JELLY Angka Transparant Transparan jam tangan murah.,Rp12400,12400,4436,https://shopee.co.id/jam-Tangan-Q-Q-JELLY-Angka-Transparant-Transparan-jam-tangan-murah.-i.9975365.1377843734,https://cf.shopee.co.id/file/59679d8eefce03c923bc10b6292a793c
Watches,WomenWatches,LED Watch ORIGINAL - Jam Tangan Digital Pria dan Wanita - Strap Rubber ( Group ),Rp24900,24900,3909,https://shopee.co.id/LED-Watch-ORIGINAL-Jam-Tangan-Digital-Pria-dan-Wanita-Strap-Rubber-(-Group-)-i.34754177.797373590,https://cf.shopee.co.id/file/16dbb35062cf4442a8660f5d8d90a453
Watches,WomenWatches,FREE ONGKIR !! Jam Tangan Tali Gelang Tribal Vintage Etnik /Jam etnik /Jam tribal TERMURAH SHOPEE,Rp15000,15000,3443,https://shopee.co.id/FREE-ONGKIR-!!-Jam-Tangan-Tali-Gelang-Tribal-Vintage-Etnik-Jam-etnik-Jam-tribal-TERMURAH-SHOPEE-i.3720074.937969818,https://cf.shopee.co.id/file/93b4cf1ef101f0fcfa283c08c7e18e67
Watches,WomenWatches,Jam tangan wanita Q&Q karet termurah,Rp13400 - Rp13440,13420,3647,https://shopee.co.id/Jam-tangan-wanita-Q-Q-karet-termurah-i.7942015.1437295063,https://cf.shopee.co.id/file/2e30245880df91640f09803b4a6ed822
Watches,WomenWatches,? DIKIRIM DR JKT ? JAM TANGAN GENEVA WANITA / watch / murah / fashion,Rp12000,12000,3961,https://shopee.co.id/?-DIKIRIM-DR-JKT-?-JAM-TANGAN-GENEVA-WANITA-watch-murah-fashion-i.9158190.794566993,https://cf.shopee.co.id/file/f67094fcd8c9400a6f6fdcbcf0542ae0
Watches,WomenWatches,(Dikirim Dari Jakarta) J-100 Jam Tangan Wanita Geneva Strap Kulit Romawi Fashion Murah,Rp12700,12700,3312,https://shopee.co.id/(Dikirim-Dari-Jakarta)-J-100-Jam-Tangan-Wanita-Geneva-Strap-Kulit-Romawi-Fashion-Murah-i.90309109.1609636640,https://cf.shopee.co.id/file/0df43ef311bc6dc0f99c1e832397d298
Watches,WomenWatches,[ READY 5 WARNA ] JAM TANGAN FASHION MURAH WANITA GUCCI POLOS KULIT // GU020,Rp27500,27500,3166,https://shopee.co.id/-READY-5-WARNA-JAM-TANGAN-FASHION-MURAH-WANITA-GUCCI-POLOS-KULIT-GU020-i.3720074.1701131328,https://cf.shopee.co.id/file/f6d634d1b9c5e960a71ce613ef0a917d
Watches,WomenWatches,Jam Tangan Q&Q Jelly Angka Rubber Transparant Transparan Karet jam tangan murah,Rp12000,12000,3852,https://shopee.co.id/Jam-Tangan-Q-Q-Jelly-Angka-Rubber-Transparant-Transparan-Karet-jam-tangan-murah-i.75841895.1602699986,https://cf.shopee.co.id/file/7e2df2fd35f8e953b47777c2f48d6cee
Watches,WomenWatches,BATERAI JAM TANGAN 1 PCS 1000 PERAK,Rp990,990,3155,https://shopee.co.id/BATERAI-JAM-TANGAN-1-PCS-1000-PERAK-i.17800584.1341734733,https://cf.shopee.co.id/file/68f6379872aff4247e430008ba16f3f1
Watches,WomenWatches,OSM - J112 Jam Tangan Lavlee Transparan / Jam Tangan Quartz / Arloji / Jam Tangan Q&Q / Jam Analog,Rp11150,11150,3343,https://shopee.co.id/OSM-J112-Jam-Tangan-Lavlee-Transparan-Jam-Tangan-Quartz-Arloji-Jam-Tangan-Q-Q-Jam-Analog-i.26616655.1579974538,https://cf.shopee.co.id/file/b5d67430ff8e3483ad644babeb5c0736
Watches,WomenWatches,?KAKILIMA?READY STOCK JAM TANGAN GENEVA J100,Rp9740,9740,4564,https://shopee.co.id/?KAKILIMA?READY-STOCK-JAM-TANGAN-GENEVA-J100-i.74886291.1253045329,https://cf.shopee.co.id/file/1c74e6c7fc8af0bdab8cf50b6aa0504d
Watches,WomenWatches,Jam Tangan Wanita Pria Analog Tike Toker Star Sky Clock Women Bracelet Wrist Watch,Rp38900,38900,3045,https://shopee.co.id/Jam-Tangan-Wanita-Pria-Analog-Tike-Toker-Star-Sky-Clock-Women-Bracelet-Wrist-Watch-i.18587545.1839079587,https://cf.shopee.co.id/file/bc1db422e54e301a2188ada28cf57fff
Watches,WomenWatches,(Dikirim dari Jakarta) BISA COD BAYAR DITEMPAT Jam Tangan Unisex Geneva Q&O Transparan Jelly GI-01,Rp13999,13999,2814,https://shopee.co.id/(Dikirim-dari-Jakarta)-BISA-COD-BAYAR-DITEMPAT-Jam-Tangan-Unisex-Geneva-Q-O-Transparan-Jelly-GI-01-i.67736377.1518053999,https://cf.shopee.co.id/file/e4ed2b963dd7ef3f559f93e6407407b6
Watches,WomenWatches,Jam Tangan LED Sport Digital Pria / Wanita,Rp4450,4450,7210,https://shopee.co.id/Jam-Tangan-LED-Sport-Digital-Pria-Wanita-i.116285711.1816394929,https://cf.shopee.co.id/file/7399d0491f23893f115b93f8f78861a6
Watches,WomenWatches,(Dikirim dari Jakarta) BISA COD BAYAR DITEMPAT Jam Tangan Wanita Geneva Kulit Kaca Belimbing GI-26,Rp19500,19500,2488,https://shopee.co.id/(Dikirim-dari-Jakarta)-BISA-COD-BAYAR-DITEMPAT-Jam-Tangan-Wanita-Geneva-Kulit-Kaca-Belimbing-GI-26-i.67736377.1699133518,https://cf.shopee.co.id/file/e5180dc4792b2c3cb6aeb2b4cf9a8c7a
Watches,WomenWatches,JAM TANGAN Q&Q JELLY TRANSPARANT,Rp12400,12400,2948,https://shopee.co.id/JAM-TANGAN-Q-Q-JELLY-TRANSPARANT-i.107050047.1680925417,https://cf.shopee.co.id/file/a51b69ec951d7adc0a30703c88ccca8c
Watches,WomenWatches,J-100 Geneva (1 Kg = 50 Pcs ) Jam Tangan Leather Quartz / Jam Tangan Fashion Wanita / Analog Watch,Rp9731,9731,4045,https://shopee.co.id/J-100-Geneva-(1-Kg-50-Pcs-)-Jam-Tangan-Leather-Quartz-Jam-Tangan-Fashion-Wanita-Analog-Watch-i.3649385.1186886778,https://cf.shopee.co.id/file/5ebbea0540d6460c994a37e984c3051e
Watches,WomenWatches,BRUNBRUN JAM TANGAN SILICONE WATCH SILIKON BEST SELLER PROMO MURAH SALE,Rp90000 - Rp104900,97450,2446,https://shopee.co.id/BRUNBRUN-JAM-TANGAN-SILICONE-WATCH-SILIKON-BEST-SELLER-PROMO-MURAH-SALE-i.13066327.964449192,https://cf.shopee.co.id/file/922dd0cf75e3169e3f29ab81d5527a22
Watches,WomenWatches,?IMPORTIR.MALL? FW802 JAM TANGAN WANITA GENEVA QUARTZ IMPORT NEW ARRIVAL 2018,Rp9731,9731,3466,https://shopee.co.id/?IMPORTIR.MALL?-FW802-JAM-TANGAN-WANITA-GENEVA-QUARTZ-IMPORT-NEW-ARRIVAL-2018-i.93923309.1555774359,https://cf.shopee.co.id/file/b8624251dd063a6a5227cc95fda203f2
Watches,WomenWatches,Jam Tangan Wanita Dior Magnet Premium,Rp49500,49500,2240,https://shopee.co.id/Jam-Tangan-Wanita-Dior-Magnet-Premium-i.17800584.1621068757,https://cf.shopee.co.id/file/9d99623f772157a5a7a102eac16826b9
Watches,WomenWatches,JAM WANITA TANGAN RUBBER JELLY TRANSPARAN QNQ Q&Q QQ J 46 MURAH,Rp14000,14000,2374,https://shopee.co.id/JAM-WANITA-TANGAN-RUBBER-JELLY-TRANSPARAN-QNQ-Q-Q-QQ-J-46-MURAH-i.21938021.1637316582,https://cf.shopee.co.id/file/e9866cdb33f7d650cd6e76c974013144
Watches,WomenWatches,Jam Tangan Dior Rantai (free baterai cadangan),Rp20000 - Rp21000,20500,2704,https://shopee.co.id/Jam-Tangan-Dior-Rantai-(free-baterai-cadangan)-i.102065821.1819968493,https://cf.shopee.co.id/file/02b77a2f711cfa1ed3dc1d28562c61a2
Watches,WomenWatches,Rafashop - Jam Tangan Geneva Leather Quartz Jam Tangan Fashion Wanita Jam Tangan Kulit Analog Cewek,Rp14200,14200,2168,https://shopee.co.id/Rafashop-Jam-Tangan-Geneva-Leather-Quartz-Jam-Tangan-Fashion-Wanita-Jam-Tangan-Kulit-Analog-Cewek-i.5282124.1310652391,https://cf.shopee.co.id/file/7307ef1ba534c5b519d93209ed51fed1
Watches,WomenWatches,FYGALERY J140 JAM FASHION WANITA JAM GENEVA EDISI BARU JAM TALI GLOSSY JAM MURAH BATAM JAM IMPORT,Rp17500,17500,2167,https://shopee.co.id/FYGALERY-J140-JAM-FASHION-WANITA-JAM-GENEVA-EDISI-BARU-JAM-TALI-GLOSSY-JAM-MURAH-BATAM-JAM-IMPORT-i.11184349.1838487859,https://cf.shopee.co.id/file/2b818efa6f3e4b08800b5fed5d3e0a75
Watches,WomenWatches,Jam Tangan Dior Magnet PLAT WARNA,Rp45000,45000,2159,https://shopee.co.id/Jam-Tangan-Dior-Magnet-PLAT-WARNA-i.17800584.1826049402,https://cf.shopee.co.id/file/a39a98af3bc8d43cbf2e2cf911e38b9b
Watches,WomenWatches,jam Tangan Q&Q JELLY Angka Transparant Transparan jam tangan murah.,Rp12200,12200,2534,https://shopee.co.id/jam-Tangan-Q-Q-JELLY-Angka-Transparant-Transparan-jam-tangan-murah.-i.13601450.1341111548,https://cf.shopee.co.id/file/ce6f9cb9442a21ce6746ad00da964739
Watches,WomenWatches,BrunBrun Paris Jam Tangan Bahan Karet Silikon Seri MAX BOO BAE,Rp100000,100000,2072,https://shopee.co.id/BrunBrun-Paris-Jam-Tangan-Bahan-Karet-Silikon-Seri-MAX-BOO-BAE-i.7648088.1214023400,https://cf.shopee.co.id/file/41dc9848cdb349d058477495a7b2344b
Watches,WomenWatches,Jam Tangan Wanita Dior Magnet full color,Rp38000 - Rp40000,39000,2133,https://shopee.co.id/Jam-Tangan-Wanita-Dior-Magnet-full-color-i.48192599.1686882086,https://cf.shopee.co.id/file/cbf5b6d73157d615351c9e034605935b
Watches,WomenWatches,jam qq Jelly Transparan wanita & pria Japan Brand,Rp12500,12500,2252,https://shopee.co.id/jam-qq-Jelly-Transparan-wanita-pria-Japan-Brand-i.24115952.1377129242,https://cf.shopee.co.id/file/f4f77f970b335ce359aedfa2bbad237e
Watches,WomenWatches,[ READY 5 WARNA ] JAM TANGAN MURAH WANITA DIOR RANTAI PASIR MAGNET PREMIUM // DR005,Rp50000,50000,1962,https://shopee.co.id/-READY-5-WARNA-JAM-TANGAN-MURAH-WANITA-DIOR-RANTAI-PASIR-MAGNET-PREMIUM-DR005-i.3720074.1470588230,https://cf.shopee.co.id/file/27dcd375c6f1d7673c67871258a2c548
Watches,WomenWatches,Jam Tangan Wanita Gucci Rantai Kaca belimbing,Rp22000,22000,1926,https://shopee.co.id/Jam-Tangan-Wanita-Gucci-Rantai-Kaca-belimbing-i.17800584.1864527449,https://cf.shopee.co.id/file/f47ed1d618baf9704cc228bd73338975
Watches,WomenWatches,Free Gift Jam Tangan Wanita Magnet Tanggal Quartz Fashion Starry Night Sky Stainless Steel Analog,Rp27800 - Rp52000,39900,1934,https://shopee.co.id/Free-Gift-Jam-Tangan-Wanita-Magnet-Tanggal-Quartz-Fashion-Starry-Night-Sky-Stainless-Steel-Analog-i.9399574.1601226779,https://cf.shopee.co.id/file/7575dc974df0c2528f8308233b87064c
Watches,WomenWatches,(Dikirim dr Jakarta) BISA COD BAYAR DITEMPAT Jam Tangan Pria Wanita Geneva Tali Canvas Kanvas GI-13,Rp18999,18999,1964,https://shopee.co.id/(Dikirim-dr-Jakarta)-BISA-COD-BAYAR-DITEMPAT-Jam-Tangan-Pria-Wanita-Geneva-Tali-Canvas-Kanvas-GI-13-i.67736377.1437909566,https://cf.shopee.co.id/file/7009abd2243f1f5427be643f15bf2225
Watches,WomenWatches,FYG J-104 Jam Tangan J-104 Jam Tangan Fashion Wanita Jam tangan Gelang Ala Korea Jam Tangan Terbaru,Rp12670,12670,1927,https://shopee.co.id/FYG-J-104-Jam-Tangan-J-104-Jam-Tangan-Fashion-Wanita-Jam-tangan-Gelang-Ala-Korea-Jam-Tangan-Terbaru-i.11184349.905705879,https://cf.shopee.co.id/file/105c639a012d10fe015ab23cf9c5fb0a
Watches,WomenWatches,( READY 9 WARNA ) JAM TANGAN MURAH SWATCH RUBBER BENING TRANSPARANT // SW005,Rp18000,18000,1815,https://shopee.co.id/(-READY-9-WARNA-)-JAM-TANGAN-MURAH-SWATCH-RUBBER-BENING-TRANSPARANT-SW005-i.3720074.1814914223,https://cf.shopee.co.id/file/820ec7e731909a6beebd2b385499f56d
Watches,WomenWatches,JAM TANGAN Q&Q JELLY VP47 WATERPROOF / SMART WATCH WATER RESIST / TRANSPARAN,Rp10400,10400,2580,https://shopee.co.id/JAM-TANGAN-Q-Q-JELLY-VP47-WATERPROOF-SMART-WATCH-WATER-RESIST-TRANSPARAN-i.52261554.1294671497,https://cf.shopee.co.id/file/e434d2aab38f2346b1ec1bba1053b7da
Watches,WomenWatches,JAM J-127 JAM TANGAN FASHION WANITA TEN SQUARE JAM TANGAN IMPORT,Rp17500,17500,1858,https://shopee.co.id/JAM-J-127-JAM-TANGAN-FASHION-WANITA-TEN-SQUARE-JAM-TANGAN-IMPORT-i.11184349.1523417717,https://cf.shopee.co.id/file/0816cdaa9d77cc2488c275667d49b333
Watches,WomenWatches,TERBARU ! Jam Tangan Q&Q Termurah Rubber Angka Rubber Candy Karet Jam Tangan Unisex Murah QQ VP46,Rp13000,13000,1776,https://shopee.co.id/TERBARU-!-Jam-Tangan-Q-Q-Termurah-Rubber-Angka-Rubber-Candy-Karet-Jam-Tangan-Unisex-Murah-QQ-VP46-i.48192599.1794195825,https://cf.shopee.co.id/file/d6ad827bb79e9e668e8fed41566d34a8
Watches,WomenWatches,FYGALERY J141 JAM TANGAN LED SPORT DIGITAL FASHION WANITA/PRIA JAM TANGAN MURAH BATAM JAM IMPORT,Rp6500,6500,1853,https://shopee.co.id/FYGALERY-J141-JAM-TANGAN-LED-SPORT-DIGITAL-FASHION-WANITA-PRIA-JAM-TANGAN-MURAH-BATAM-JAM-IMPORT-i.11184349.1910491251,https://cf.shopee.co.id/file/5f23ae52e7ac3c63c28ab41619216ff5
Watches,WomenWatches,JAM TANGAN WANITA DIOR KULIT,Rp18000,18000,1729,https://shopee.co.id/JAM-TANGAN-WANITA-DIOR-KULIT-i.48192599.1668568278,https://cf.shopee.co.id/file/34ad219bc9f489a3a7ae6330f6ffd8b4
Watches,WomenWatches,[ READY STOCK ] JAM TANGAN MURAH DIOR MAGNET PLAT DIAMOND GLITTER PREMIUM // DR008+WATCH BOX,Rp9000 - Rp47500,28250,1683,https://shopee.co.id/-READY-STOCK-JAM-TANGAN-MURAH-DIOR-MAGNET-PLAT-DIAMOND-GLITTER-PREMIUM-DR008-WATCH-BOX-i.17430886.1710071373,https://cf.shopee.co.id/file/eddaf3764867d23da493c6b9498f21b1
Watches,WomenWatches,Jam Tangan Wanita Dior Magnet,Rp45000,45000,1633,https://shopee.co.id/Jam-Tangan-Wanita-Dior-Magnet-i.17800584.1570419299,https://cf.shopee.co.id/file/24d3ab0427f37ea50263f6dddcd4a8e3
Watches,WomenWatches,GROSIR JAM TANGAN WANITA DIOR RANTAI SLIVER HITAM ROSEGOLD,Rp19000,19000,1734,https://shopee.co.id/GROSIR-JAM-TANGAN-WANITA-DIOR-RANTAI-SLIVER-HITAM-ROSEGOLD-i.67313139.1656694590,https://cf.shopee.co.id/file/ae920c61463e50223e458910fc6b6d31
Watches,WomenWatches,Cognos DW-01 DIOR Jam Tangan Analog Digital Leather,Rp17000,17000,1716,https://shopee.co.id/Cognos-DW-01-DIOR-Jam-Tangan-Analog-Digital-Leather-i.12495508.1896125178,https://cf.shopee.co.id/file/807647b053be6b90c9ec6a0e1de6ba87
Watches,WomenWatches,Jam Tangan Wanita Baby G Casio,Rp24800,24800,1580,https://shopee.co.id/Jam-Tangan-Wanita-Baby-G-Casio-i.17800584.1804948417,https://cf.shopee.co.id/file/25ab2586d83a764794bfc05d06372366
Watches,WomenWatches,(Dikirim Dari Jakarta) Jam Tangan Fashion Rubber Strap/ LED Premium/ Fashion Unisex,Rp16000,16000,1770,https://shopee.co.id/(Dikirim-Dari-Jakarta)-Jam-Tangan-Fashion-Rubber-Strap-LED-Premium-Fashion-Unisex-i.90309109.1548472440,https://cf.shopee.co.id/file/a88352308b43bf83e7a97690800c0cfa
Watches,WomenWatches,Jam Tangan Q&Q RUBER ORIGINAL jam tangan qnq anti air,Rp12060 - Rp14820,13440,1812,https://shopee.co.id/Jam-Tangan-Q-Q-RUBER-ORIGINAL-jam-tangan-qnq-anti-air-i.13601450.1438473931,https://cf.shopee.co.id/file/e779a6b157c6ae960649c9301eb2a898
Watches,WomenWatches,Jam 012 Blink Fin Watch Jam Tangan Kulit Belimbing (30gr),Rp20000,20000,1569,https://shopee.co.id/Jam-012-Blink-Fin-Watch-Jam-Tangan-Kulit-Belimbing-(30gr)-i.5282124.1736629248,https://cf.shopee.co.id/file/0b2b124bcd0349c79ed592e4065b2f26
Watches,WomenWatches,JAM TANGAN Q&Q jelly Transparan murah|| Jam wanita QnQ bening qnq jam fashion JAM ANAK JAM CEWEK,Rp12800,12800,1718,https://shopee.co.id/JAM-TANGAN-Q-Q-jelly-Transparan-murah-Jam-wanita-QnQ-bening-qnq-jam-fashion-JAM-ANAK-JAM-CEWEK-i.35712737.1623883059,https://cf.shopee.co.id/file/8079844d626e53ab074103c7ff0a81ae
Watches,WomenWatches,JAM TANGAN WANITA Q&Q Jelly Transparan Murah,Rp11500,11500,1545,https://shopee.co.id/JAM-TANGAN-WANITA-Q-Q-Jelly-Transparan-Murah-i.48192599.1596703668,https://cf.shopee.co.id/file/8dd89098f8100b2561b160069ce5b8b1
Watches,WomenWatches,TERBARU ! Jam Tangan Q&Q termurah Rubber Angka Rubber candy Karet jam tangan unisex murah QQ VP46,Rp12000 - Rp14700,13350,1660,https://shopee.co.id/TERBARU-!-Jam-Tangan-Q-Q-termurah-Rubber-Angka-Rubber-candy-Karet-jam-tangan-unisex-murah-QQ-VP46-i.9975365.1437029928,https://cf.shopee.co.id/file/6d0f85ccd8346c0560509dea024ded08
Watches,WomenWatches,JAM TANGAN Q&Q JELLY VP47 WATERPROOF / SMART WATCH WATER RESIST / ANTI AIR / TRANSPARANT / SM,Rp10400,10400,1896,https://shopee.co.id/JAM-TANGAN-Q-Q-JELLY-VP47-WATERPROOF-SMART-WATCH-WATER-RESIST-ANTI-AIR-TRANSPARANT-SM-i.52280924.1294717493,https://cf.shopee.co.id/file/8d991215423301c37ead06a98dcd9dda
Watches,WomenWatches,JAM TANGAN Q&Q RUBBER ORIGINAL,Rp13000 - Rp14500,13750,1750,https://shopee.co.id/JAM-TANGAN-Q-Q-RUBBER-ORIGINAL-i.107050047.1680966702,https://cf.shopee.co.id/file/f7359a739bcf05195fb338899e96ab5f
Watches,WomenWatches,MILLENIAL JAM TANGAN FASHION LED STRAP RUBBER / JAM TANGAN PRIA DAN WANITA /JAM TANGAN UNISEX,Rp8990,8990,1619,https://shopee.co.id/MILLENIAL-JAM-TANGAN-FASHION-LED-STRAP-RUBBER-JAM-TANGAN-PRIA-DAN-WANITA-JAM-TANGAN-UNISEX-i.19264508.1101905452,https://cf.shopee.co.id/file/24915bb465bd6169f02eb1173409f32e
Watches,WomenWatches,[FA] GENEVA J-100 LEATHER QUARTZ JAM TANGAN KULIT ANALOG CEWEK / JAM TANGAN FASHION WANITA,Rp9732,9732,1557,https://shopee.co.id/-FA-GENEVA-J-100-LEATHER-QUARTZ-JAM-TANGAN-KULIT-ANALOG-CEWEK-JAM-TANGAN-FASHION-WANITA-i.31729281.1214164646,https://cf.shopee.co.id/file/943ec1715c2886ad4ccb3076166afe86
Watches,WomenWatches,MILLENIAL JAM TANGAN SPORT COUPLE LED DIGITAL GLOW STRAP KARET MURAH IMPORT BATAM,Rp4900,4900,1515,https://shopee.co.id/MILLENIAL-JAM-TANGAN-SPORT-COUPLE-LED-DIGITAL-GLOW-STRAP-KARET-MURAH-IMPORT-BATAM-i.19264508.1798497935,https://cf.shopee.co.id/file/bd5097d73a1b9b738e28d9621c782dae
Watches,CoupleWatches,(Dikirim Dari Jakarta) JAM TANGAN FASHION LED STRAP RUBBER / JAM TANGAN UNISEX / JAM TANGAN WANITA,Rp11999,11999,10376,https://shopee.co.id/(Dikirim-Dari-Jakarta)-JAM-TANGAN-FASHION-LED-STRAP-RUBBER-JAM-TANGAN-UNISEX-JAM-TANGAN-WANITA-i.90309109.1548493177,https://cf.shopee.co.id/file/5b7d9fba934587a58ac963e59997d5e0
Watches,CoupleWatches,J-110 Jam Tangan Wanita Import,Rp14200,14200,4950,https://shopee.co.id/J-110-Jam-Tangan-Wanita-Import-i.11184349.1025279737,https://cf.shopee.co.id/file/d4618778b52d6d243b369b32037ce0da
Watches,CoupleWatches,JAM TANGAN MURAH ALBA COUPLE VINTAGE // AL008,Rp15000,15000,3911,https://shopee.co.id/JAM-TANGAN-MURAH-ALBA-COUPLE-VINTAGE-AL008-i.3720074.1622337353,https://cf.shopee.co.id/file/cfc8ce8d5de2c79b5a32bf895009842e
Watches,CoupleWatches,? TAS KOLEKSI ? JAM TANGAN SPORT COUPLE LED Digital GLOW Strap KARET MURAH IMPORT BATAM,Rp6300,6300,4188,https://shopee.co.id/?-TAS-KOLEKSI-?-JAM-TANGAN-SPORT-COUPLE-LED-Digital-GLOW-Strap-KARET-MURAH-IMPORT-BATAM-i.87389524.1467789407,https://cf.shopee.co.id/file/18ea564f1eff02c62a5e6fc967937570
Watches,CoupleWatches,[ READY 10 WARNA ] JAM TANGAN MURAH UNISEX ANALOG CASIO SHOCK BABY G CANDY // GK020,Rp30000,30000,3003,https://shopee.co.id/-READY-10-WARNA-JAM-TANGAN-MURAH-UNISEX-ANALOG-CASIO-SHOCK-BABY-G-CANDY-GK020-i.3720074.1400873429,https://cf.shopee.co.id/file/aeaa44847f66967f33ee35d0eed446ff
Watches,CoupleWatches,FREE BOX & BATERAI JAM TANGAN COUPLE CHANEL RANTAI CHRONO OFF COUPLE KERAMIK STAINLEES #CH001#,Rp26500,26500,3011,https://shopee.co.id/FREE-BOX-BATERAI-JAM-TANGAN-COUPLE-CHANEL-RANTAI-CHRONO-OFF-COUPLE-KERAMIK-STAINLEES-CH001--i.3720074.51704822,https://cf.shopee.co.id/file/a65f1094db6d728ffffd82f631d5218e
Watches,CoupleWatches,(Dikirim Dari Jakarta) Jam Tangan Digital Unisex Dengan Layar LED Strap Jelly Silikon,Rp8300,8300,3356,https://shopee.co.id/(Dikirim-Dari-Jakarta)-Jam-Tangan-Digital-Unisex-Dengan-Layar-LED-Strap-Jelly-Silikon-i.90309109.1548444602,https://cf.shopee.co.id/file/6bdb2cb3dde0cfd361c8e38d42a22d5a
Watches,CoupleWatches,8 WARNA FREE BOX & BATERAI JAM TANGAN COUPLE ROLEX RANTAI ROLEX COUPLE RX004,Rp27500,27500,2355,https://shopee.co.id/8-WARNA-FREE-BOX-BATERAI-JAM-TANGAN-COUPLE-ROLEX-RANTAI-ROLEX-COUPLE-RX004-i.3720074.876317383,https://cf.shopee.co.id/file/979310bfe573dcbf990f1499bcb51276
Watches,CoupleWatches,Rafashop - Jam 005 Jam Tangan Couple Jam Fashion (40gr),Rp17000,17000,2120,https://shopee.co.id/Rafashop-Jam-005-Jam-Tangan-Couple-Jam-Fashion-(40gr)-i.5282124.1461832661,https://cf.shopee.co.id/file/a9eb2ef023e47532abbfa8716f5ce48f
Watches,CoupleWatches,Jam Tangan Couple Chanel,Rp24500,24500,1814,https://shopee.co.id/Jam-Tangan-Couple-Chanel-i.17800584.1513273886,https://cf.shopee.co.id/file/29e89fb6baf62ce3d197522499843227
Watches,CoupleWatches,JAM TANGAN Q&Q JELLY VP47 WATERPROOF / SMART WATCH WATER RESIST,Rp10400,10400,1947,https://shopee.co.id/JAM-TANGAN-Q-Q-JELLY-VP47-WATERPROOF-SMART-WATCH-WATER-RESIST-i.26946024.1294640732,https://cf.shopee.co.id/file/d6cbf6ad54ca74f10cf31acc4638b93e
Watches,CoupleWatches,ELBER J-110 Jam Tangan Fashion,Rp14200,14200,1705,https://shopee.co.id/ELBER-J-110-Jam-Tangan-Fashion-i.6358511.1025374482,https://cf.shopee.co.id/file/aa4d9bae67fda42dbc5583c349d29bcb
Watches,CoupleWatches,(Dikirim Dari Jakarta) J-110 Jam Tangan Fashion Unisex Untuk Couple,Rp17000,17000,1718,https://shopee.co.id/(Dikirim-Dari-Jakarta)-J-110-Jam-Tangan-Fashion-Unisex-Untuk-Couple-i.90309109.1548577746,https://cf.shopee.co.id/file/05895efaf0963d3515898c1b76e9f70f
Watches,CoupleWatches,C ( C00021 ) JAM TANGAN TALI PASIR MAGNET KACA BLIMBING HARGA GROSIR,Rp44549,44549,1597,https://shopee.co.id/C-(-C00021-)-JAM-TANGAN-TALI-PASIR-MAGNET-KACA-BLIMBING-HARGA-GROSIR-i.61737881.1701606185,https://cf.shopee.co.id/file/21c0cf2fba765962ae14ee3041de4c16
Watches,CoupleWatches,OSM - J133 Jam Tangan Sport Couple LED Digital /Jam Warna / Arloji / Jam Tangan Unisex,Rp6500,6500,1516,https://shopee.co.id/OSM-J133-Jam-Tangan-Sport-Couple-LED-Digital-Jam-Warna-Arloji-Jam-Tangan-Unisex-i.26616655.1717331134,https://cf.shopee.co.id/file/e3095ca467fd9fd8b1112c32d45436fb
Watches,WatchAccessory,BATERAI JAM TANGAN SONY 626 / LR 626 BATERY BATRAI,Rp1000,1000,6501,https://shopee.co.id/BATERAI-JAM-TANGAN-SONY-626-LR-626-BATERY-BATRAI-i.3720074.141261582,https://cf.shopee.co.id/file/30ad94955ef9118253577aae75944312
Watches,WatchAccessory,BOX Kancing Upgrade / BOX YANG GRATIS DI GANTI DENGAN BOX KANCING,Rp3000,3000,3160,https://shopee.co.id/BOX-Kancing-Upgrade-BOX-YANG-GRATIS-DI-GANTI-DENGAN-BOX-KANCING-i.3720074.18886219,https://cf.shopee.co.id/file/44e1ff1956fea8667af46b2ee6c6d840
Watches,WatchAccessory,Kotak Jam Tangan,Rp3990,3990,2196,https://shopee.co.id/Kotak-Jam-Tangan-i.27365602.348983901,https://cf.shopee.co.id/file/97b1eb26db9278d7eab279b17755de0f
Watches,WatchAccessory,Baterai Jam Tambahan Murah Meriah,Rp432,432,1574,https://shopee.co.id/Baterai-Jam-Tambahan-Murah-Meriah-i.27365602.348986677,https://cf.shopee.co.id/file/7a7ba6eb6aa248fbd8222100659d2e87
Watches,WatchAccessory,Batre Jam Sony 1.55V SR626,Rp350,350,3170,https://shopee.co.id/Batre-Jam-Sony-1.55V-SR626-i.6684120.94810032,https://cf.shopee.co.id/file/f09aec29c265a812cfbe118816011e56
Watches,WatchAccessory,Baterai Jam Tangan Sony 626 Battery LR626 batere,Rp500,500,1580,https://shopee.co.id/Baterai-Jam-Tangan-Sony-626-Battery-LR626-batere-i.7662138.855245208,https://cf.shopee.co.id/file/b1b3ea7a74ca22046ec31c9b15cf643b
Watches,WatchAccessory,Baterai / Battery AG13 / LR44 / AG 13 / LR 44 Kalkulator -Jam - Alarm Pintu,Rp400,400,2212,https://shopee.co.id/Baterai-Battery-AG13-LR44-AG-13-LR-44-Kalkulator-Jam-Alarm-Pintu-i.12859017.1321492939,https://cf.shopee.co.id/file/f2cc49aad5dc1ac185bf24c7e5a17c5f
Watches,WatchAccessory,BATERAI BATTERY BATRE LR44 - AG13 - LR 44 - AG 13 - KALKULATOR - JAM -,Rp400,400,1934,https://shopee.co.id/BATERAI-BATTERY-BATRE-LR44-AG13-LR-44-AG-13-KALKULATOR-JAM--i.8824365.1221716017,https://cf.shopee.co.id/file/66be17b2542874e4bebaee5f38bab31d
Watches,WatchAccessory,JAM TANGAN D**R MAGNET (FREE BOX),Rp45000,45000,3284,https://shopee.co.id/JAM-TANGAN-D**R-MAGNET-(FREE-BOX)-i.29758610.1862979211,https://cf.shopee.co.id/file/b7b53ac94bf1a12e6fb552bd77632e93
Menbags,MenBag,TAS PRIA SELEMPANG WAISTBAG ORIGINAL CLASIK TAPAX BANDUNG,Rp18000,18000,4722,https://shopee.co.id/TAS-PRIA-SELEMPANG-WAISTBAG-ORIGINAL-CLASIK-TAPAX-BANDUNG-i.6510062.477507750,https://cf.shopee.co.id/file/ad091daf45e793bd7ab8badd73801780
Menbags,MenBag,Tas Waistbag Oval Pushop Harga Grosir,Rp18000,18000,4093,https://shopee.co.id/Tas-Waistbag-Oval-Pushop-Harga-Grosir-i.4818709.535242094,https://cf.shopee.co.id/file/69537d98a593f7a385df66f15c3f78e0
Menbags,MenBag,HOT PROMO TAS PRIA SELEMPANG WAISTBAG OVAL HARGA GROSIR,Rp18000,18000,3127,https://shopee.co.id/HOT-PROMO-TAS-PRIA-SELEMPANG-WAISTBAG-OVAL-HARGA-GROSIR-i.6510062.613563840,https://cf.shopee.co.id/file/ddf392095d466106a5b6cb5ebc861dc0
Menbags,MenBag,Tas Ransel Daypack Quechua Arpenaz 10 ORIGINAL by DECATHLON Rp 45.000 -MURAH OBRAL SATU HARGA,,45000,3062,https://shopee.co.id/Tas-Ransel-Daypack-Quechua-Arpenaz-10-ORIGINAL-by-DECATHLON-Rp-45.000-MURAH-OBRAL-SATU-HARGA-i.31882863.444635963,https://cf.shopee.co.id/file/23057e5dc6792d8f909d4b2c925b7a0f
Menbags,MenBag,Tas Selempang / Slempang Pria Sling Bag Kulit USB Port + Earphone Hole HIGH QUALITY,Rp87500,87500,2433,https://shopee.co.id/Tas-Selempang-Slempang-Pria-Sling-Bag-Kulit-USB-Port-Earphone-Hole-HIGH-QUALITY-i.36827174.1535275243,https://cf.shopee.co.id/file/b9c98967f54511f7f865d17e446c1f14
Menbags,MenBag,Best Seller Tas Selempang / Slempang Anti Maling/Anti Air Sling Bag + USB Charger PREMIUM Quality,Rp56500,56500,2407,https://shopee.co.id/Best-Seller-Tas-Selempang-Slempang-Anti-Maling-Anti-Air-Sling-Bag-USB-Charger-PREMIUM-Quality-i.36827174.540343751,https://cf.shopee.co.id/file/2cb9ca12ec39cc9f3539d79c494ee8be
Menbags,MenBag,Tas Selempang Anti Maling With USB Charger,Rp55000,55000,2443,https://shopee.co.id/Tas-Selempang-Anti-Maling-With-USB-Charger-i.32773058.1460932988,https://cf.shopee.co.id/file/7cefada202edd79f9ffb3b531f7e583d
Menbags,MenBag,NEW ARRIVAL !! Tas Waistbag Selempang MINION Style Distro,Rp22000,22000,2707,https://shopee.co.id/NEW-ARRIVAL-!!-Tas-Waistbag-Selempang-MINION-Style-Distro-i.6510062.1825360194,https://cf.shopee.co.id/file/716e8b132c9db1bbf7e5e76fc6ad8b45
Menbags,MenBag,? INDOLAND ? READY STOCK TAS USB MURAH Selempang Sling bag Murah Impor Batam Slempang Tas Dada,Rp38500,38500,2247,https://shopee.co.id/?-INDOLAND-?-READY-STOCK-TAS-USB-MURAH-Selempang-Sling-bag-Murah-Impor-Batam-Slempang-Tas-Dada-i.36604406.704407895,https://cf.shopee.co.id/file/54c9b449c51089a061ce0b19d0544a59
Menbags,MenBag,Diskon Besar Tas Selempang & Slempang Anti Maling/Anti Air (Smart Crossbody Bag) HIGH QUALITY,Rp54500,54500,2351,https://shopee.co.id/Diskon-Besar-Tas-Selempang-Slempang-Anti-Maling-Anti-Air-(Smart-Crossbody-Bag)-HIGH-QUALITY-i.90712295.1499733430,https://cf.shopee.co.id/file/ebfcdebe21572bef71a72f9422f8d8b5
Menbags,MenBag,Tas Ransel 10 L Decathlon Quechua Arpenaz 10 ORI,Rp39100 - Rp42500,40800,2321,https://shopee.co.id/Tas-Ransel-10-L-Decathlon-Quechua-Arpenaz-10-ORI-i.53903380.1120856828,https://cf.shopee.co.id/file/93b47caef3d6a99c3c9e058ce571dbd9
Menbags,MenBag,FYG-1148 Tas Selempang Pria Sling Shoulder Bag Back Pack Travel Trendy Tas MUrah Tas Import TAS USB,Rp38500,38500,2131,https://shopee.co.id/FYG-1148-Tas-Selempang-Pria-Sling-Shoulder-Bag-Back-Pack-Travel-Trendy-Tas-MUrah-Tas-Import-TAS-USB-i.11184349.1137500629,https://cf.shopee.co.id/file/451894f4aa7b0286db9661bf43117d0f
Menbags,MenBag,Tas Selempang Pushop/Groow,Rp18000,18000,1828,https://shopee.co.id/Tas-Selempang-Pushop-Groow-i.4818709.724136215,https://cf.shopee.co.id/file/63ceda02bdf4aa98429e1a40637e086c
Menbags,MenBag,Tas Pria Selempang Distro,Rp24000,24000,1870,https://shopee.co.id/Tas-Pria-Selempang-Distro-i.4818709.164099163,https://cf.shopee.co.id/file/740952d648dc7d3238b09315622de1ef
Menbags,MenBag,Dompet Kulit Premium Pria,Rp33000,33000,1550,https://shopee.co.id/Dompet-Kulit-Premium-Pria-i.11318485.80394912,https://cf.shopee.co.id/file/d9f3918ac8a78853b980a3d649a8ffce
Menbags,MenBag,Decathlon Quechua Tas Ransel Carrier Olahraga Arpenaz 10L Day Hiking Backpack 100 % Original,Rp39600 - Rp45000,42300,1565,https://shopee.co.id/Decathlon-Quechua-Tas-Ransel-Carrier-Olahraga-Arpenaz-10L-Day-Hiking-Backpack-100-Original-i.61228063.998926748,https://cf.shopee.co.id/file/8b6a62b865fba8e7ba824fcfe0afa899
Menbags,MenBag,Selempang Kulit Pria Tas Hp/Tas Dada Usb/Tas Impor Batam /Sling Bag Usb Kulit/Selempang Sling Bag,Rp51000,51000,1512,https://shopee.co.id/Selempang-Kulit-Pria-Tas-Hp-Tas-Dada-Usb-Tas-Impor-Batam-Sling-Bag-Usb-Kulit-Selempang-Sling-Bag-i.24548222.1649172013,https://cf.shopee.co.id/file/c3352ea60e313be516e66d8918b359b1
Fashion,FashionAccessory,Harga murah Kacamata Transparan Port Frameless Tren Pasangan kacamata Simple,Rp7880,7880,59236,https://shopee.co.id/Harga-murah-Kacamata-Transparan-Port-Frameless-Tren-Pasangan-kacamata-Simple-i.24548222.1323412048,https://cf.shopee.co.id/file/412300fa70b1c0e22a02746158bfa9b3
Fashion,FashionAccessory,?Bayar di Tempat? Kacamata Hitam Fashion Wanita Model Simple Transparan Tanpa Frame untuk Pasangan,Rp7499 - Rp8999,8249,49442,https://shopee.co.id/?Bayar-di-Tempat?-Kacamata-Hitam-Fashion-Wanita-Model-Simple-Transparan-Tanpa-Frame-untuk-Pasangan-i.47678487.1114303113,https://cf.shopee.co.id/file/6b6b157c198d10fd7f9f9e3c0c6789b2
Fashion,FashionAccessory,Kacamata Wanita Pria Frame Sunglasses Anti Radiasi Lensa Transparan,Rp10300 - Rp13500,11900,35576,https://shopee.co.id/Kacamata-Wanita-Pria-Frame-Sunglasses-Anti-Radiasi-Lensa-Transparan-i.18587545.1653061402,https://cf.shopee.co.id/file/2f5c505342be2d2ecfa0716d17392ee8
Fashion,FashionAccessory,?Bayar Di Tempat?kacamata wanita fashion tanpa bingkai sunglasses transparan sederhana UV400,Rp3999 - Rp8300,6149.5,30269,https://shopee.co.id/?Bayar-Di-Tempat?kacamata-wanita-fashion-tanpa-bingkai-sunglasses-transparan-sederhana-UV400-i.93215140.1548411867,https://cf.shopee.co.id/file/3fdc5463958c147f280e84afdb2276d6
Fashion,FashionAccessory,Kacamata Hitam Wanita Transparent Sunglasses Frameless Port Trends Couples Simple glasses,Rp7200 - Rp9900,8550,21710,https://shopee.co.id/Kacamata-Hitam-Wanita-Transparent-Sunglasses-Frameless-Port-Trends-Couples-Simple-glasses-i.18587545.519562209,https://cf.shopee.co.id/file/0e5eb02cb5670563c120d04491a9125c
Fashion,FashionAccessory,?Bayar Di Tempat?kacamata Anti Radiasi Sinar Biru Kacamata wanita/Laki-laki fashion,Rp10300 - Rp13500,11900,23897,https://shopee.co.id/?Bayar-Di-Tempat?kacamata-Anti-Radiasi-Sinar-Biru-Kacamata-wanita-Laki-laki-fashion-i.93215140.1647779038,https://cf.shopee.co.id/file/b6b6e4f3e1382cc23f9adedc3a415f05
Fashion,FashionAccessory,{Barang Tiba Pembayaran}Kacamata Perlindungan Radiasi Putaran Wanitn Pria Dan Wanita Yang Nyaman,Rp11900,11900,23107,https://shopee.co.id/-Barang-Tiba-Pembayaran-Kacamata-Perlindungan-Radiasi-Putaran-Wanitn-Pria-Dan-Wanita-Yang-Nyaman-i.24548222.1832300161,https://cf.shopee.co.id/file/349c9fe0793dd0eaa840bb3f6a3ae0a4
Fashion,FashionAccessory,[TER-MURAH] JALLE - KACAMATA JK3001 - KACAMATA FASHION - TRANSPARAN - JELLY - TANPA FRAME - WANITA,Rp7900,7900,23074,https://shopee.co.id/-TER-MURAH-JALLE-KACAMATA-JK3001-KACAMATA-FASHION-TRANSPARAN-JELLY-TANPA-FRAME-WANITA-i.65778131.1696743287,https://cf.shopee.co.id/file/8b8747a83e0fc7351831a0c90c670e6a
Fashion,FashionAccessory,[Bayar di Tempat]Kacamata Wanita Lensa Rangka Transparan Retro Vintage Metal Frame Eyeglasses,Rp10800 - Rp12800,11800,13463,https://shopee.co.id/-Bayar-di-Tempat-Kacamata-Wanita-Lensa-Rangka-Transparan-Retro-Vintage-Metal-Frame-Eyeglasses-i.18587545.401136086,https://cf.shopee.co.id/file/d9edbe7c97a9f1b2ed478ce085ee0629
Fashion,FashionAccessory,SOFTLENS MISTIQUE BLACK and GREY 16mm,Rp23288 - Rp30888,27088,14360,https://shopee.co.id/SOFTLENS-MISTIQUE-BLACK-and-GREY-16mm-i.3891529.1019107054,https://cf.shopee.co.id/file/aae8a85611ea0a9295e0a4e36708f127
Fashion,FashionAccessory,【Bayar di Tempat】Kacamata Lensa Transparan Anti Radiasi Untuk Pria/Wanita Kacamata Bingkai Optik,Rp9999 - Rp65000,37499.5,13338,https://shopee.co.id/【Bayar-di-Tempat】Kacamata-Lensa-Transparan-Anti-Radiasi-Untuk-Pria-Wanita-Kacamata-Bingkai-Optik-i.47678487.1582384567,https://cf.shopee.co.id/file/bb339c82716443739b0628936bbe1928
Fashion,FashionAccessory,CAIRAN SOFTLENS ICE 60ml with ProVitamin B5,Rp8800,8800,10704,https://shopee.co.id/CAIRAN-SOFTLENS-ICE-60ml-with-ProVitamin-B5-i.3891529.684827047,https://cf.shopee.co.id/file/30cdee1b69ff8a44a4888a999b319a1b
Fashion,FashionAccessory,[TER-MURAH] JALLE - KACAMATA JK3002 - KACAMATA FASHION - TRANSPARAN - KACAMATA LENSA - FRAME,Rp11950,11950,14073,https://shopee.co.id/-TER-MURAH-JALLE-KACAMATA-JK3002-KACAMATA-FASHION-TRANSPARAN-KACAMATA-LENSA-FRAME-i.65778131.1696902371,https://cf.shopee.co.id/file/3f6193151639634857deec6136414711
Fashion,FashionAccessory,Kacamata Wanita Bulat Korean retro metal flat mirror Optical Glasses Decorative Harajuku Prince,Rp8900 - Rp11300,10100,8074,https://shopee.co.id/Kacamata-Wanita-Bulat-Korean-retro-metal-flat-mirror-Optical-Glasses-Decorative-Harajuku-Prince-i.18587545.236656389,https://cf.shopee.co.id/file/25ad7b38c1d0a6e700e7cbe9752a7902
Fashion,FashionAccessory,【Bayar Di Tempat】 Kacamata Wanita Pria Frame Ringan Sunglasses Anti Radiasi Lensa Transparan,Rp6000 - Rp14500,10250,8778,https://shopee.co.id/【Bayar-Di-Tempat】-Kacamata-Wanita-Pria-Frame-Ringan-Sunglasses-Anti-Radiasi-Lensa-Transparan-i.17430886.1156934032,https://cf.shopee.co.id/file/32ec91e8b6981a44e380be60f1937224
Fashion,FashionAccessory,Kalung Titanium Anti Karat Crystal KT45,Rp17000 - Rp17500,17250,11045,https://shopee.co.id/Kalung-Titanium-Anti-Karat-Crystal-KT45-i.5395355.37576319,https://cf.shopee.co.id/file/5ed85ceb5ae312d09ea25a08400bf613
Fashion,FashionAccessory,FYGALERY K200 KACAMATA LENSA TRANSPARAN KACAMATA FASHION WANITA/PRIA KACAMATA IMPORT KACAMATA MURAH,Rp11950,11950,6372,https://shopee.co.id/FYGALERY-K200-KACAMATA-LENSA-TRANSPARAN-KACAMATA-FASHION-WANITA-PRIA-KACAMATA-IMPORT-KACAMATA-MURAH-i.11184349.1856500852,https://cf.shopee.co.id/file/5805a370ff725467752a6f51d41f2049
Fashion,FashionAccessory,SOFTLENS SOFTLEN SOFLEN N8 BABY BIG EYES DIA 16mm,Rp32000 - Rp39500,35750,5617,https://shopee.co.id/SOFTLENS-SOFTLEN-SOFLEN-N8-BABY-BIG-EYES-DIA-16mm-i.3891529.160131303,https://cf.shopee.co.id/file/681b257ba4f6b74a75d4aa6632bedaee
Fashion,FashionAccessory,?Tersedia Bayar di Tempat?Wanita Kacamata Hitam Gaya Mata Kucing Metal Cat Eye Women Sunglasses,Rp17999 - Rp23500,20749.5,5011,https://shopee.co.id/?Tersedia-Bayar-di-Tempat?Wanita-Kacamata-Hitam-Gaya-Mata-Kucing-Metal-Cat-Eye-Women-Sunglasses-i.47678487.1122440908,https://cf.shopee.co.id/file/99d4273ee688f615b79efbf890816395
Fashion,FashionAccessory,[Bayar Di Tempat]Kacamata Baca Frame Metal Gaya Retro untuk Pria / Wanita,Rp11800 - Rp14980,13390,5192,https://shopee.co.id/-Bayar-Di-Tempat-Kacamata-Baca-Frame-Metal-Gaya-Retro-untuk-Pria-Wanita-i.47678487.1116700606,https://cf.shopee.co.id/file/03cef3a89421c8acd211022b8b0d2817
Fashion,FashionAccessory,?Bayar di Tempat?5 Desgin Thug life Mosaic Sunglasses Kacamata Hitam Wanita/Pria Small Sunglasses,Rp8999 - Rp10000,9499.5,8231,https://shopee.co.id/?Bayar-di-Tempat?5-Desgin-Thug-life-Mosaic-Sunglasses-Kacamata-Hitam-Wanita-Pria-Small-Sunglasses-i.47678487.1203568312,https://cf.shopee.co.id/file/7f8524754e120a5ef53fa1999abba10d
Fashion,FashionAccessory,JEPITAN PENJEPIT SOFTLENS + TONGKAT SOFTLENS TERMURAH,Rp3314 - Rp3488,3401,4591,https://shopee.co.id/JEPITAN-PENJEPIT-SOFTLENS-TONGKAT-SOFTLENS-TERMURAH-i.3891529.1271435707,https://cf.shopee.co.id/file/4c176512abcd1dd88c64d3ca28498fef
Fashion,FashionAccessory,SOFTLENS SOFTLEN SOFLEN LIVING COLOR MISTIQUE KEMENSKES 16MM BLACK GREY FREE LENSCASE (MATA NORMAL),Rp23100 - Rp23643,23371.5,5116,https://shopee.co.id/SOFTLENS-SOFTLEN-SOFLEN-LIVING-COLOR-MISTIQUE-KEMENSKES-16MM-BLACK-GREY-FREE-LENSCASE-(MATA-NORMAL)-i.5153623.674311874,https://cf.shopee.co.id/file/722a620a172fe0beae49fd1f27bd1f22
Fashion,FashionAccessory,ICE 60 mL Air Softlens / Cairan ICE 60mL Provitamin B5,Rp8300,8300,4927,https://shopee.co.id/ICE-60-mL-Air-Softlens-Cairan-ICE-60mL-Provitamin-B5-i.375994.671377772,https://cf.shopee.co.id/file/de9515de38b59319b8b508a9af7872a1
Fashion,FashionAccessory,Air Softlens Nice Look 60 ml / Nicelook Cairan Soft Lens 60ml,Rp4910,4910,4996,https://shopee.co.id/Air-Softlens-Nice-Look-60-ml-Nicelook-Cairan-Soft-Lens-60ml-i.375994.27656485,https://cf.shopee.co.id/file/e7fbb69135569e145613e42a7efef5ca
Fashion,FashionAccessory,[COD available/Bayar di Tempat] Bandana Turban Elastis Motif Bunga untuk Yoga // FASHION / Premium,Rp5939,5939,5446,https://shopee.co.id/-COD-available-Bayar-di-Tempat-Bandana-Turban-Elastis-Motif-Bunga-untuk-Yoga-FASHION-Premium-i.66406573.1175988408,https://cf.shopee.co.id/file/9c15ce7071a88cf0adc7892b848219fb
Fashion,FashionAccessory,Kacamata Wanita Pria Optik Anti Radiasi Dengan Fashion Sunglasses Eyewear,Rp13400,13400,5244,https://shopee.co.id/Kacamata-Wanita-Pria-Optik-Anti-Radiasi-Dengan-Fashion-Sunglasses-Eyewear-i.18587545.1698973176,https://cf.shopee.co.id/file/1f4060483665503a6386f05b0593269f
Fashion,FashionAccessory,[Bayar Di Tempat]Pouch (sarung) Kacamata,Rp2000,2000,5187,https://shopee.co.id/-Bayar-Di-Tempat-Pouch-(sarung)-Kacamata-i.47678487.1333068102,https://cf.shopee.co.id/file/de555db69fd500e07aaaf7eec5f7fc6a
Fashion,FashionAccessory,Label Woven Damask Subtitute,Rp500,500,23251,https://shopee.co.id/Label-Woven-Damask-Subtitute-i.18350044.1522111385,https://cf.shopee.co.id/file/243279216e712135bb706f2240744380
Fashion,FashionAccessory,SOFTLENS ICE N8 NORMAL,Rp31000 - Rp32000,31500,4386,https://shopee.co.id/SOFTLENS-ICE-N8-NORMAL-i.17220153.1465956597,https://cf.shopee.co.id/file/86934609a0bcdea4b720a10b3151701c
Fashion,FashionAccessory,Softlens MISTIQUE Living Color / Mistiq Super BIG EYES,Rp23498,23498,4007,https://shopee.co.id/Softlens-MISTIQUE-Living-Color-Mistiq-Super-BIG-EYES-i.375994.1467952540,https://cf.shopee.co.id/file/7c9835b99e517138e572e4bbd84937b1
Fashion,FashionAccessory,[COD Bayar di Tempat] POPULER/FASHION/Premium Bandana Simpul Twist Elastis Ala Korea untuk Wanita,Rp7099,7099,4488,https://shopee.co.id/-COD-Bayar-di-Tempat-POPULER-FASHION-Premium-Bandana-Simpul-Twist-Elastis-Ala-Korea-untuk-Wanita-i.66406573.1146457058,https://cf.shopee.co.id/file/b40b9dec2ae31f088c50a84bc355e601
Fashion,FashionAccessory,【Bayar Di Tempat】 Kacamata Wanita Pria Frame Ringan Sunglasses Anti Radiasi Lensa Transparan,Rp19000 - Rp45000,32000,5793,https://shopee.co.id/【Bayar-Di-Tempat】-Kacamata-Wanita-Pria-Frame-Ringan-Sunglasses-Anti-Radiasi-Lensa-Transparan-i.104462659.1851196933,https://cf.shopee.co.id/file/58b809667d9268da0cb559bda3fda0ea
Fashion,FashionAccessory,Softlens I SCREAM LOVE / IScream Love Lens,Rp20450,20450,3834,https://shopee.co.id/Softlens-I-SCREAM-LOVE-IScream-Love-Lens-i.375994.783357559,https://cf.shopee.co.id/file/7d5f323858b2fed2fd480df4098d68fc
Fashion,FashionAccessory,Kacamata Lensa Rangka Transparan Retro Vintage Metal Frame Eyeglasses,Rp18000,18000,3506,https://shopee.co.id/Kacamata-Lensa-Rangka-Transparan-Retro-Vintage-Metal-Frame-Eyeglasses-i.24548222.1540952782,https://cf.shopee.co.id/file/7e25231432f7f2b896266336c70ee371
Fashion,FashionAccessory,Kalung Titanium Crystal Anti Karat KT45,Rp17000 - Rp17500,17250,4362,https://shopee.co.id/Kalung-Titanium-Crystal-Anti-Karat-KT45-i.5395355.379293705,https://cf.shopee.co.id/file/ae82092200724a39493cf9d9b28ed903
Fashion,FashionAccessory,TERMURAH - WEEDO - KACAMATA JK3001 - KACAMATA FASHION - TRANSPARAN - TANPA FRAME,Rp7900,7900,4476,https://shopee.co.id/TERMURAH-WEEDO-KACAMATA-JK3001-KACAMATA-FASHION-TRANSPARAN-TANPA-FRAME-i.28368144.1697128015,https://cf.shopee.co.id/file/39fa1c21f3cdd9ed055c1cce4c217292
Fashion,FashionAccessory,CAIRAN SOFTLENS X2 MPS 120ML,Rp16500,16500,3302,https://shopee.co.id/CAIRAN-SOFTLENS-X2-MPS-120ML-i.3891529.210168813,https://cf.shopee.co.id/file/3d92c20db323456f55c4d968be01bbc3
Fashion,FashionAccessory,SOFTLENS GEL LUNA NATURAL BEST SELLER 14.5mm,Rp30000 - Rp35000,32500,3349,https://shopee.co.id/SOFTLENS-GEL-LUNA-NATURAL-BEST-SELLER-14.5mm-i.3891529.980456443,https://cf.shopee.co.id/file/6eff0c5da68c652610595733c02b512a
Fashion,FashionAccessory,[Bayar di Tempat]Kacamata Wanita Hitam Pria Frame Metal Optical Glasses,Rp26600,26600,3362,https://shopee.co.id/-Bayar-di-Tempat-Kacamata-Wanita-Hitam-Pria-Frame-Metal-Optical-Glasses-i.18587545.1535313422,https://cf.shopee.co.id/file/28a39f23f86c5065e5e79029d8b5978b
Fashion,FashionAccessory,Felicelife PIN gesper PU Fashion All-Match sabuk wanita fesyen,Rp15200,15200,3706,https://shopee.co.id/Felicelife-PIN-gesper-PU-Fashion-All-Match-sabuk-wanita-fesyen-i.30989409.1179504414,https://cf.shopee.co.id/file/9606642830e2c4086728a215164ec344
Fashion,FashionAccessory,PENJEPIT Softlens + Tongkat Stick Pasang / Capitan Softlen / Tweezers / Twezer / Jepitan,Rp2490,2490,4216,https://shopee.co.id/PENJEPIT-Softlens-Tongkat-Stick-Pasang-Capitan-Softlen-Tweezers-Twezer-Jepitan-i.375994.338825811,https://cf.shopee.co.id/file/14914e38b8e46cd8b00634a7325f2051
Fashion,FashionAccessory,Topi Bahan Plush Desain Telinga Kelinci Dapat Bergerak dengan Kantong Udara untuk Hadiah/Mainan Anak,Rp52500,52500,4143,https://shopee.co.id/Topi-Bahan-Plush-Desain-Telinga-Kelinci-Dapat-Bergerak-dengan-Kantong-Udara-untuk-Hadiah-Mainan-Anak-i.35704726.1721243406,https://cf.shopee.co.id/file/f61c45cfb31d195e04f6bcacc1e66972
Fashion,FashionAccessory,SOFTLENS NATURAL NORMAL by Urban Factory / NATURAL,Rp28000,28000,3164,https://shopee.co.id/SOFTLENS-NATURAL-NORMAL-by-Urban-Factory-NATURAL-i.17220153.1580926749,https://cf.shopee.co.id/file/450e03fac393865dca67d1b239c7dc2e
Fashion,FashionAccessory,[Bayar di Tempat]Kacamata Wanita Oval Gaya Vintage Retro Mewah Transparant,Rp11300,11300,3281,https://shopee.co.id/-Bayar-di-Tempat-Kacamata-Wanita-Oval-Gaya-Vintage-Retro-Mewah-Transparant-i.18587545.306039465,https://cf.shopee.co.id/file/20fd949f784b57b4a3127e272df0229d
Fashion,FashionAccessory,CAIRAN SOFTLENS ILOOK 60ML,Rp5900,5900,2973,https://shopee.co.id/CAIRAN-SOFTLENS-ILOOK-60ML-i.3891529.1566273386,https://cf.shopee.co.id/file/babf1e30a9a99af0b7b7a11b027bc143
Fashion,FashionAccessory,?Bayar di Tempat?Korean Design Anti Radiasi Komputer Kacamata Wanita/Pria Square Eyeglasses,Rp10800 - Rp14500,12650,3252,https://shopee.co.id/?Bayar-di-Tempat?Korean-Design-Anti-Radiasi-Komputer-Kacamata-Wanita-Pria-Square-Eyeglasses-i.47678487.1642997524,https://cf.shopee.co.id/file/832763f46641dcb2897656f3add14fed
Fashion,FashionAccessory,SOFTLENS 1TONE BLACK ANGEL/LOVELY 14.4mm,Rp23188 - Rp29000,26094,2836,https://shopee.co.id/SOFTLENS-1TONE-BLACK-ANGEL-LOVELY-14.4mm-i.3891529.1511819376,https://cf.shopee.co.id/file/3220f7d4687b10c436f6470a1202a0af
Fashion,FashionAccessory,Kacamata Bulat (Design Korea) Pria dan Wanita - Model Vintage (Group) - Bulat Kacamata bingkai retro,Rp8999 - Rp11500,10249.5,3165,https://shopee.co.id/Kacamata-Bulat-(Design-Korea)-Pria-dan-Wanita-Model-Vintage-(Group)-Bulat-Kacamata-bingkai-retro-i.47678487.1182585475,https://cf.shopee.co.id/file/262d06118f819c8e9bd4fc30c20af205
Fashion,FashionAccessory,[Termurah] WEEDO - KACAMATA JK3002 - KACAMATA FASHION - TRANSPARAN - KACAMATA LENSA - FRAME,Rp11950,11950,4894,https://shopee.co.id/-Termurah-WEEDO-KACAMATA-JK3002-KACAMATA-FASHION-TRANSPARAN-KACAMATA-LENSA-FRAME-i.28368144.1697186973,https://cf.shopee.co.id/file/62309d12928cc3343b672c25becbbc75
Fashion,FashionAccessory,SOFTLENS NOBLUQ NORMAL by Urban factory / NOBLUQ,Rp28000,28000,2760,https://shopee.co.id/SOFTLENS-NOBLUQ-NORMAL-by-Urban-factory-NOBLUQ-i.17220153.939852305,https://cf.shopee.co.id/file/b2442fe4a1f6197d0780d79b0cd1c7e0
Fashion,FashionAccessory,TU88 Kacamata Transparan Hitam Transparant Frameless Sunglasses Couple Fashion Pria Wanita Korea,Rp7999,7999,3188,https://shopee.co.id/TU88-Kacamata-Transparan-Hitam-Transparant-Frameless-Sunglasses-Couple-Fashion-Pria-Wanita-Korea-i.8338469.1523576854,https://cf.shopee.co.id/file/009c8042a38f40568d53d644a83cdfde
Fashion,FashionAccessory,ELBER K200 KACAMATA FASHION WANITA/PRIA KACAMATA LENSA TRANSPARAN KACAMATA IMPORT KACAMATA MURAH,Rp11950,11950,3027,https://shopee.co.id/ELBER-K200-KACAMATA-FASHION-WANITA-PRIA-KACAMATA-LENSA-TRANSPARAN-KACAMATA-IMPORT-KACAMATA-MURAH-i.6358511.1856504789,https://cf.shopee.co.id/file/beee7c8d88066d531b5f6b75568fbb39
Fashion,FashionAccessory,Kacamata Hitam Lensa Oversize Cat Eye Sunglasses Women,Rp21660,21660,2759,https://shopee.co.id/Kacamata-Hitam-Lensa-Oversize-Cat-Eye-Sunglasses-Women-i.24548222.1376597695,https://cf.shopee.co.id/file/6f45ca42b47736a7e95218e1f5b205f2
Fashion,FashionAccessory,?Bayar di Tempat?Kacamata Hitam Lensa Cat Eye Anti UV Variasi 12 Warna Kualitas Tinggi untuk Wanita,Rp7599 - Rp8999,8299,3028,https://shopee.co.id/?Bayar-di-Tempat?Kacamata-Hitam-Lensa-Cat-Eye-Anti-UV-Variasi-12-Warna-Kualitas-Tinggi-untuk-Wanita-i.47678487.1138480279,https://cf.shopee.co.id/file/7e4cec74a2bcb41668caca8b44ada6f6
Fashion,FashionAccessory,[Bayar di Tempat]Kacamata Wanita Hitam H Polarized Retro Coating Sunglasses Round,Rp12800,12800,2561,https://shopee.co.id/-Bayar-di-Tempat-Kacamata-Wanita-Hitam-H-Polarized-Retro-Coating-Sunglasses-Round-i.18587545.234888365,https://cf.shopee.co.id/file/ed70e7363699a453c2525a5072c50c0f
Fashion,FashionAccessory,SOFTLENS NEW MORE DUBAI NORMAL,Rp28000 - Rp30000,29000,2629,https://shopee.co.id/SOFTLENS-NEW-MORE-DUBAI-NORMAL-i.17220153.1223900854,https://cf.shopee.co.id/file/06b3a513bdc492e09057970a779f62c8
Fashion,FashionAccessory,Masker Buff Multifungsi,Rp3000,3000,4289,https://shopee.co.id/Masker-Buff-Multifungsi-i.17332236.164279702,https://cf.shopee.co.id/file/642a4c51a26028989bdaa47ae6ee7a92
Fashion,FashionAccessory,Softlens Wish Living Color / True Color Wish / Softlense Big Eyes,Rp23800,23800,2633,https://shopee.co.id/Softlens-Wish-Living-Color-True-Color-Wish-Softlense-Big-Eyes-i.375994.759453904,https://cf.shopee.co.id/file/02958d98d66a6e3eed5319d4c3496a32
Fashion,FashionAccessory,(Dikirim Dari Jakarta) Kacamata Hitam Fashion Wanita Model Simple Transparan Tanpa Frame,Rp13700,13700,2433,https://shopee.co.id/(Dikirim-Dari-Jakarta)-Kacamata-Hitam-Fashion-Wanita-Model-Simple-Transparan-Tanpa-Frame-i.90309109.1544428575,https://cf.shopee.co.id/file/3e6923b911e0a0900f7544942dd406d9
Fashion,FashionAccessory,[Bayar di Tempat]Kacamata Wanita Hitam Tanpa Frame untuk Couples Simple Transparent,Rp9900,9900,2788,https://shopee.co.id/-Bayar-di-Tempat-Kacamata-Wanita-Hitam-Tanpa-Frame-untuk-Couples-Simple-Transparent-i.18587545.1514493741,https://cf.shopee.co.id/file/849ed53c99b33c4894aa18fceb04866e
Fashion,FashionAccessory,TU88 Kacamata Lensa Transparan Anti Radiasi Gaya Korea Untuk Pria Wanita Frame Kacamata Bulat SG007,Rp11899,11899,2835,https://shopee.co.id/TU88-Kacamata-Lensa-Transparan-Anti-Radiasi-Gaya-Korea-Untuk-Pria-Wanita-Frame-Kacamata-Bulat-SG007-i.8338469.1572919769,https://cf.shopee.co.id/file/977e55ca020c45e7233e326463eb25c7
Fashion,FashionAccessory,Kalung Titanium Full Zircon DF888,Rp17000 - Rp17500,17250,3148,https://shopee.co.id/Kalung-Titanium-Full-Zircon-DF888-i.24178494.1628112317,https://cf.shopee.co.id/file/4728a4247b8aa98225b2fcb02d657119
Fashion,FashionAccessory,FYGALERY K100 KACAMATA FASHION WANITA/PRIA KACAMATA SIMPLE TRANSPARAN IMPORT KACAMATA TANPA FRAME,Rp7900,7900,2314,https://shopee.co.id/FYGALERY-K100-KACAMATA-FASHION-WANITA-PRIA-KACAMATA-SIMPLE-TRANSPARAN-IMPORT-KACAMATA-TANPA-FRAME-i.11184349.1867865916,https://cf.shopee.co.id/file/41ab771e4091d5cbd6826d1888395edd
Fashion,FashionAccessory,[COD available]12Pcs/Set Ikat Rambut Simple Bahan Karet Gaya Korea untuk Wanita termasuk kotak-kotak,Rp21499,21499,2371,https://shopee.co.id/-COD-available-12Pcs-Set-Ikat-Rambut-Simple-Bahan-Karet-Gaya-Korea-untuk-Wanita-termasuk-kotak-kotak-i.66406573.1361018733,https://cf.shopee.co.id/file/87454120638af57bb7c6d3bc25b13f88
Fashion,FashionAccessory,[Bayar di Tempat]HairBand Elastis Karet Rambut Suede Wanita Akseoris Fashion,Rp6600 - Rp8700,7650,2651,https://shopee.co.id/-Bayar-di-Tempat-HairBand-Elastis-Karet-Rambut-Suede-Wanita-Akseoris-Fashion-i.18587545.1535150886,https://cf.shopee.co.id/file/803b0b0b552cad4a7201a4a23f2a7850
Fashion,FashionAccessory,JARUM PENTUL HIJAB / FASHION,Rp1000,1000,2378,https://shopee.co.id/JARUM-PENTUL-HIJAB-FASHION-i.11410819.853621667,https://cf.shopee.co.id/file/ba459e4f61dab931d22e2822a7b0277b
Fashion,FashionAccessory,[Bayar Di Tempat] Ikat Pinggang Kulit PU dengan Gesper untuk Wanita fesyen,Rp14900,14900,2370,https://shopee.co.id/-Bayar-Di-Tempat-Ikat-Pinggang-Kulit-PU-dengan-Gesper-untuk-Wanita-fesyen-i.64909675.1208723644,https://cf.shopee.co.id/file/5b7736ed7f1be9edfdf7bb887bc5b0e6
Fashion,FashionAccessory,Harga Grosir Topi Baseball Tumblr Polos Murah,Rp9300,9300,2676,https://shopee.co.id/Harga-Grosir-Topi-Baseball-Tumblr-Polos-Murah-i.12485679.108953056,https://cf.shopee.co.id/file/b3ec6803a50c551c9dc325d415a29387
Fashion,FashionAccessory,Frame Kacamate Wanita dan Pria Gaya Retro Round Eyeglasses Metal Frame Myopia Eeyglasses,Rp15999 - Rp188924,102461.5,2231,https://shopee.co.id/Frame-Kacamate-Wanita-dan-Pria-Gaya-Retro-Round-Eyeglasses-Metal-Frame-Myopia-Eeyglasses-i.47678487.1248198298,https://cf.shopee.co.id/file/16e7b85f285562a35bc606673de5cbae
Fashion,FashionAccessory,KUPLUK BORDIR NAMA BIASA,Rp20000,20000,2555,https://shopee.co.id/KUPLUK-BORDIR-NAMA-BIASA-i.7125833.41900603,https://cf.shopee.co.id/file/9af617ebb476d071f08e3e00636c9aad
Fashion,FashionAccessory,SOFTLENS SOFTLEN SOFLEN N8 BABY BIG EYES DIAMETER 16MM FREELENSCASE MATA NORMAL AJAH,Rp31000,31000,2284,https://shopee.co.id/SOFTLENS-SOFTLEN-SOFLEN-N8-BABY-BIG-EYES-DIAMETER-16MM-FREELENSCASE-MATA-NORMAL-AJAH-i.5153623.609823731,https://cf.shopee.co.id/file/7c6a232f2222f159cddd28e5179f3a4e
Fashion,FashionAccessory,NICE LOOK AIR SOFTLENS 60 ML UNTUK CUCI SOFTLENS CAIRAN NICE LOOK,Rp5000,5000,2225,https://shopee.co.id/NICE-LOOK-AIR-SOFTLENS-60-ML-UNTUK-CUCI-SOFTLENS-CAIRAN-NICE-LOOK-i.5153623.253751920,https://cf.shopee.co.id/file/5d80e61728c42ae451a5e78c263b1f6c
Fashion,FashionAccessory,[IF]??KM-003/Kacamata Wanita Fashion Tanpa Bingkai Sunglasses Sederhana UV400,Rp8910,8910,2227,https://shopee.co.id/-IF-??KM-003-Kacamata-Wanita-Fashion-Tanpa-Bingkai-Sunglasses-Sederhana-UV400-i.30302620.1650345622,https://cf.shopee.co.id/file/031611da5b89fef267a9ccca57b175d8
Fashion,FashionAccessory,Kacamata Hitam Transparan Simple Tanpa Frameless Sunglasses Couples Simple glasses,Rp7200,7200,2866,https://shopee.co.id/Kacamata-Hitam-Transparan-Simple-Tanpa-Frameless-Sunglasses-Couples-Simple-glasses-i.27192074.520004737,https://cf.shopee.co.id/file/f6aaed683eda9477fd8529f2d0d954d5
Fashion,FashionAccessory,Softlens Living Color LOVELY 2 Tone atau 1 Tone / Softlen Living Colour,Rp23200,23200,2231,https://shopee.co.id/Softlens-Living-Color-LOVELY-2-Tone-atau-1-Tone-Softlen-Living-Colour-i.375994.197798946,https://cf.shopee.co.id/file/68d3f3cfcf8f127c14e2352e55b0fda5
Fashion,FashionAccessory,Cairan Softlens X2 120ml,Rp17000,17000,2109,https://shopee.co.id/Cairan-Softlens-X2-120ml-i.17220153.168582728,https://cf.shopee.co.id/file/e56d6f7025e4eddf4b5fc86addc1ae0a
Fashion,FashionAccessory,GROSIR FASHION BATAM - JB002 - Premium Bandana Simpul Twist Elastis Ala Korea Untuk Wanita,Rp6300,6300,2558,https://shopee.co.id/GROSIR-FASHION-BATAM-JB002-Premium-Bandana-Simpul-Twist-Elastis-Ala-Korea-Untuk-Wanita-i.65778131.1741636758,https://cf.shopee.co.id/file/b9339708d1c85ac599549945e0d6ad73
Fashion,FashionAccessory,Kalung Titanium ANTI KARAT SELAMANYA KT143,Rp17000 - Rp17500,17250,2319,https://shopee.co.id/Kalung-Titanium-ANTI-KARAT-SELAMANYA-KT143-i.5395355.1570877114,https://cf.shopee.co.id/file/c35cc44ed2c0bb0f99890442bcdeda34
Fashion,FashionAccessory,?Bayar di Tempat?Kacamata Hitam Unisex Korean Desgin Besi Frame Round Sunglasses Women/Men,Rp14560 - Rp16500,15530,2163,https://shopee.co.id/?Bayar-di-Tempat?Kacamata-Hitam-Unisex-Korean-Desgin-Besi-Frame-Round-Sunglasses-Women-Men-i.47678487.1240430871,https://cf.shopee.co.id/file/51b27972ebbc3a8ae22dd744cd35c90b
Fashion,FashionAccessory,Softlens ICE N8 / ICE N 8,Rp31500 - Rp33000,32250,2223,https://shopee.co.id/Softlens-ICE-N8-ICE-N-8-i.375994.23005890,https://cf.shopee.co.id/file/fdf665a3ceb1309f209a228a27d2c27f
Fashion,FashionAccessory,Softlens LC ADORE / LC ADORE,Rp23500,23500,2154,https://shopee.co.id/Softlens-LC-ADORE-LC-ADORE-i.17220153.167380996,https://cf.shopee.co.id/file/338ee06256bda35aee53892473a9c28b
Fashion,FashionAccessory,?Bayar di Tempat? Kacamata Hitam Wanita Model Retro Cat Eye Sunglasses Women UV400 Protection,Rp14999 - Rp18900,16949.5,2052,https://shopee.co.id/?Bayar-di-Tempat?-Kacamata-Hitam-Wanita-Model-Retro-Cat-Eye-Sunglasses-Women-UV400-Protection-i.47678487.1106141975,https://cf.shopee.co.id/file/ea82a5ec1f61d51d80b46655e5575549
Fashion,FashionAccessory,SOFTLENS SOFLENS NEWBLUK ALL COLOR NORMAL,Rp26500 - Rp28000,27250,2131,https://shopee.co.id/SOFTLENS-SOFLENS-NEWBLUK-ALL-COLOR-NORMAL-i.3891529.1298019771,https://cf.shopee.co.id/file/3e514038ece5bc205afcd222692dab3e
Fashion,FashionAccessory,Softlens SHIN MANGA 1 Tone / 2 Tone (KEMENKES),Rp25500,25500,2353,https://shopee.co.id/Softlens-SHIN-MANGA-1-Tone-2-Tone-(KEMENKES)-i.375994.339444421,https://cf.shopee.co.id/file/49e71199e1f1ab06d0485b2a871d1c60
Fashion,FashionAccessory,[Bayar di Tempat]Kacamata Wanita Pria Fashion Women Sunglasses Transparan Myopia Frame Metal,Rp26520,26520,2135,https://shopee.co.id/-Bayar-di-Tempat-Kacamata-Wanita-Pria-Fashion-Women-Sunglasses-Transparan-Myopia-Frame-Metal-i.18587545.1534497607,https://cf.shopee.co.id/file/47683cfcb84daf01ce531dcfc0d408b6
Fashion,FashionAccessory,SOFTLENS LC LOVELY ALL COLOR 14.4MM,Rp23188 - Rp29000,26094,2167,https://shopee.co.id/SOFTLENS-LC-LOVELY-ALL-COLOR-14.4MM-i.3891529.1543121578,https://cf.shopee.co.id/file/009e1c692467be4e4679e41b689865e1
Fashion,FashionAccessory,?Bayar di Tempat?Wanita Kacamata Hitam Trendi Frameless Colorful Sunglasses Women,Rp2999 - Rp8999,5999,2211,https://shopee.co.id/?Bayar-di-Tempat?Wanita-Kacamata-Hitam-Trendi-Frameless-Colorful-Sunglasses-Women-i.47678487.1203397724,https://cf.shopee.co.id/file/f15aafdb42cea9e6579af927ae20cb37
Fashion,FashionAccessory,Cairan Softlens ICE 60ml,Rp9000,9000,2150,https://shopee.co.id/Cairan-Softlens-ICE-60ml-i.17220153.664635714,https://cf.shopee.co.id/file/bf800c015a0c84455dd5c8ddb8e6ad83
Fashion,FashionAccessory,Headband Bandana/ Bando Mandi,Rp3000,3000,2192,https://shopee.co.id/Headband-Bandana-Bando-Mandi-i.19847215.1611301057,https://cf.shopee.co.id/file/e67d21f329442c57c36a9c4578388093
Fashion,FashionAccessory,Bayar di Tempat?5 Desgin Thug life Mosaic Sunglasses Kacamata Hitam Wanita/Pria Small Sunglasses,Rp9500,9500,2153,https://shopee.co.id/Bayar-di-Tempat?5-Desgin-Thug-life-Mosaic-Sunglasses-Kacamata-Hitam-Wanita-Pria-Small-Sunglasses-i.24548222.1521648670,https://cf.shopee.co.id/file/ef80db442d149ea01e05c7d93c464027
Fashion,FashionAccessory,[HOT DEALS] Womens Headband Twist Hairband Bow Knot Cross Tie Cloth Headwrap Hair Band Hoop /Premium,Rp17699,17699,2039,https://shopee.co.id/-HOT-DEALS-Womens-Headband-Twist-Hairband-Bow-Knot-Cross-Tie-Cloth-Headwrap-Hair-Band-Hoop-Premium-i.66406573.1292052301,https://cf.shopee.co.id/file/3fe4f9f7389c7278dbbf66f514187c0f
Fashion,FashionAccessory,?Bayar di Tempat?Kacamata Hitam Wanita/Pria Cool Trendy Oval Half Frame Sunglasses Women/Men UV400,Rp11580 - Rp19800,15690,2043,https://shopee.co.id/?Bayar-di-Tempat?Kacamata-Hitam-Wanita-Pria-Cool-Trendy-Oval-Half-Frame-Sunglasses-Women-Men-UV400-i.47678487.1116647982,https://cf.shopee.co.id/file/803f8074fb6ace601b52700957fd47e3
Fashion,FashionAccessory,SOFTLENS LC MISTIQUE / LIVING COLOR MISTIQUE,Rp23500,23500,1988,https://shopee.co.id/SOFTLENS-LC-MISTIQUE-LIVING-COLOR-MISTIQUE-i.17220153.438827064,https://cf.shopee.co.id/file/1604e3e58d1a19994f7cf4c237c5ee21
Fashion,FashionAccessory,Softlens ACQUA NORMAL by Urban Factory,Rp28000,28000,1931,https://shopee.co.id/Softlens-ACQUA-NORMAL-by-Urban-Factory-i.17220153.939844598,https://cf.shopee.co.id/file/2f4a4c0987da907008d4d6995b614333
Fashion,FashionAccessory,Kacamata Hitam dengan Frame Lensa Logam Unisex,Rp14040,14040,2022,https://shopee.co.id/Kacamata-Hitam-dengan-Frame-Lensa-Logam-Unisex-i.24548222.1521377682,https://cf.shopee.co.id/file/49bfa416261ac18b870b063a50abcbb6
Fashion,FashionAccessory,Softlens NEWBLUK / NEWBLUK,Rp25000,25000,2218,https://shopee.co.id/Softlens-NEWBLUK-NEWBLUK-i.17220153.162596028,https://cf.shopee.co.id/file/d2837301d4d4d35694aa5c0d0c98d288
Fashion,FashionAccessory,[1kg muat 72pcs] POPULER/FASHION/Premium Bandana Simpul Twist Elastis Ala Korea Untuk Wanita BCW,Rp5738,5738,1901,https://shopee.co.id/-1kg-muat-72pcs-POPULER-FASHION-Premium-Bandana-Simpul-Twist-Elastis-Ala-Korea-Untuk-Wanita-BCW-i.34570250.1769852952,https://cf.shopee.co.id/file/3c60ee563364e579306cf334a0d5280d
Fashion,FashionAccessory,[Bayar Di Tempat]Kacamata Hitam Wanita Model Korea Mewah Bahan Metal Warna Warni,Rp14605 - Rp16980,15792.5,1821,https://shopee.co.id/-Bayar-Di-Tempat-Kacamata-Hitam-Wanita-Model-Korea-Mewah-Bahan-Metal-Warna-Warni-i.47678487.1114233348,https://cf.shopee.co.id/file/816bc0c905e59900ac4a5775ec935772
Fashion,FashionAccessory,COD available/FASHION 50Pcs Fashion Elastic Rope Women Hair Ties Ponytail Holder Head Band Hairbands,Rp5899,5899,2442,https://shopee.co.id/COD-available-FASHION-50Pcs-Fashion-Elastic-Rope-Women-Hair-Ties-Ponytail-Holder-Head-Band-Hairbands-i.66406573.1134880078,https://cf.shopee.co.id/file/766e3bd79d15a320f12f06c9057ced09
Fashion,FashionAccessory,Frameless Sunglasses Transparent Kacamata Hitam Transparan Simple Tanpa Frame Trends Couples KTF,Rp7850,7850,1892,https://shopee.co.id/Frameless-Sunglasses-Transparent-Kacamata-Hitam-Transparan-Simple-Tanpa-Frame-Trends-Couples-KTF-i.34570250.1319188495,https://cf.shopee.co.id/file/50c9d80a3831b04698ab9050a7103264
Fashion,FashionAccessory,[Bayar Di Tempat]BR Kacamata Optik Frame Plastik Anti Radiasi untuk Wanita,Rp15500,15500,1880,https://shopee.co.id/-Bayar-Di-Tempat-BR-Kacamata-Optik-Frame-Plastik-Anti-Radiasi-untuk-Wanita-i.17430886.1156934035,https://cf.shopee.co.id/file/e232b5b93f1f0692d5f25de7f6ab946b
Fashion,FashionAccessory,Softlens Living Color ADORE 2 Tone atau 1 Tone / Softlen Living Colour,Rp23300,23300,2015,https://shopee.co.id/Softlens-Living-Color-ADORE-2-Tone-atau-1-Tone-Softlen-Living-Colour-i.375994.199167853,https://cf.shopee.co.id/file/007525c2380c3644a4b2a6ba1a80381d
Fashion,FashionAccessory,Urban Factory Khusus NORMAL,Rp28000,28000,1736,https://shopee.co.id/Urban-Factory-Khusus-NORMAL-i.17220153.1463966072,https://cf.shopee.co.id/file/d11ad4acfe37489595ca95b96950e88b
Fashion,FashionAccessory,Anting Tusuk Motif Bunga Gaya Korea untuk Wanita,Rp10000,10000,1771,https://shopee.co.id/Anting-Tusuk-Motif-Bunga-Gaya-Korea-untuk-Wanita-i.68630556.1504262869,https://cf.shopee.co.id/file/adaeb10bc7d5b7ac4b63858899a747e8
Fashion,FashionAccessory,Kacamata Optik Lensa Transparan Anti Radiasi untuk Wanita,Rp14500,14500,2209,https://shopee.co.id/Kacamata-Optik-Lensa-Transparan-Anti-Radiasi-untuk-Wanita-i.13027348.1635689803,https://cf.shopee.co.id/file/eec49f2d3d9bd061a283697bf742207d
Fashion,FashionAccessory,【Bayar Di Tempat】 Kacamata Wanita Pria Frame Sunglasses Anti Radiasi Lensa Transparan,Rp2800 - Rp11900,7350,2199,https://shopee.co.id/【Bayar-Di-Tempat】-Kacamata-Wanita-Pria-Frame-Sunglasses-Anti-Radiasi-Lensa-Transparan-i.126167401.1916903127,https://cf.shopee.co.id/file/ef6f2595dfb1777a6364caa9a937932a
Fashion,FashionAccessory,?Bayar Di Tempat?kacamata anti radiasi sinar biru Kacamata wanita persegi vintage,Rp17500,17500,1805,https://shopee.co.id/?Bayar-Di-Tempat?kacamata-anti-radiasi-sinar-biru-Kacamata-wanita-persegi-vintage-i.93215140.1626343130,https://cf.shopee.co.id/file/dadb451c799c4e556ad2e657931cad64
Fashion,FashionAccessory,[Bayar di Tempat]Kacamata Wanita Pria Hitam Crescent shaped fashion sunglasses Ocean Lens Frame,Rp11900,11900,2106,https://shopee.co.id/-Bayar-di-Tempat-Kacamata-Wanita-Pria-Hitam-Crescent-shaped-fashion-sunglasses-Ocean-Lens-Frame-i.18587545.1472678333,https://cf.shopee.co.id/file/175b4c0bc071f8198dc375fad3eb4c7c
Fashion,FashionAccessory,CS- RING BELT COLOR Korea / Ikat pinggang wanita,Rp10000 - Rp11800,10900,1677,https://shopee.co.id/CS-RING-BELT-COLOR-Korea-Ikat-pinggang-wanita-i.1455258.1775453251,https://cf.shopee.co.id/file/5e7970ffcc2bd950b29e21746b90aafc
Fashion,FashionAccessory,[Bayar Di Tempat]Kacamata Hitam Unisex Model Oversize UV400 Warna Permen,Rp9025,9025,1807,https://shopee.co.id/-Bayar-Di-Tempat-Kacamata-Hitam-Unisex-Model-Oversize-UV400-Warna-Permen-i.24548222.1848723095,https://cf.shopee.co.id/file/e376ee0163cf346fda96aaff2b8a9684
Fashion,FashionAccessory,Syall motif Promo 3.799 // Syall fashion // syall murah // Syall motif,Rp3799,3799,1940,https://shopee.co.id/Syall-motif-Promo-3.799-Syall-fashion-syall-murah-Syall-motif-i.30926229.677966554,https://cf.shopee.co.id/file/cf57d9f977482d7e7474444e93b85909
Fashion,FashionAccessory,Tempat Softlens KARAKTER ANIMAL / Kotak Lensa + Capitan + Tongkat,Rp6000,6000,1792,https://shopee.co.id/Tempat-Softlens-KARAKTER-ANIMAL-Kotak-Lensa-Capitan-Tongkat-i.375994.1640109240,https://cf.shopee.co.id/file/1bd33380ed40b3a07325a880e636b316
Fashion,FashionAccessory,Murah Kacamata Hitam Wanita Transparent Sunglasses Frameless Port Trends Couples Simple Glasses,Rp8500,8500,1848,https://shopee.co.id/Murah-Kacamata-Hitam-Wanita-Transparent-Sunglasses-Frameless-Port-Trends-Couples-Simple-Glasses-i.24548222.1784126512,https://cf.shopee.co.id/file/ecc1c64d6130f940c6293368d1b49895
Fashion,FashionAccessory,Jepitan Softlens,Rp3500,3500,1699,https://shopee.co.id/Jepitan-Softlens-i.17220153.1893423021,https://cf.shopee.co.id/file/10b1fc497a86c064c9aa77345e218ad7
Fashion,FashionAccessory,Cool Trendy Half Frame Rimless Cat Eye Sunglasses Women Fashion Clear,Rp15900,15900,1612,https://shopee.co.id/Cool-Trendy-Half-Frame-Rimless-Cat-Eye-Sunglasses-Women-Fashion-Clear-i.24548222.1376489138,https://cf.shopee.co.id/file/4cea22b4d383ec7f9a6e13b8a43220a1
Fashion,FashionAccessory,Topi polos baseball twill premium,Rp6325 - Rp9880,8102.5,1795,https://shopee.co.id/Topi-polos-baseball-twill-premium-i.58468640.1056677726,https://cf.shopee.co.id/file/b5631e88501a9317a72c47d7f148e10f
Fashion,FashionAccessory,TOPI LED KELINCI BERGERAK MAGIC BUNNY RABBIT HAT JENNIE BLACKPINK KPOP ROSE NAYEON TWICE KUPLUK,Rp58900 - Rp77900,68400,2574,https://shopee.co.id/TOPI-LED-KELINCI-BERGERAK-MAGIC-BUNNY-RABBIT-HAT-JENNIE-BLACKPINK-KPOP-ROSE-NAYEON-TWICE-KUPLUK-i.102496870.1818192277,https://cf.shopee.co.id/file/b4a57ed8f8fdfb4db65b5d696b6cae5e
Fashion,FashionAccessory,PROMO TERMURAH Air Softlens Nice Look 60 ml / Nicelook Kecil Cairan Soft Lens 60ml PROMO SALE,Rp4900,4900,1761,https://shopee.co.id/PROMO-TERMURAH-Air-Softlens-Nice-Look-60-ml-Nicelook-Kecil-Cairan-Soft-Lens-60ml-PROMO-SALE-i.62227996.1273627321,https://cf.shopee.co.id/file/fe041cbb5e0358e1f65ccc54df3ddf01
Fashion,FashionAccessory,RSB Kaca Mata Bulat Design Korea Pria Dan Wanita / Kacamata Oval Korea/Kacamata Design Retro Pria Da,Rp17760,17760,1540,https://shopee.co.id/RSB-Kaca-Mata-Bulat-Design-Korea-Pria-Dan-Wanita-Kacamata-Oval-Korea-Kacamata-Design-Retro-Pria-Da-i.24548222.1848931116,https://cf.shopee.co.id/file/62f10e63f0cc78d8ae4f7dd6c59b9ce6
Fashion,FashionAccessory,[Bayar di Tempat]Kacamata Hitam Wanita Lensa Oversize Cat Eye Sunglasses Women,Rp18500 - Rp25200,21850,1546,https://shopee.co.id/-Bayar-di-Tempat-Kacamata-Hitam-Wanita-Lensa-Oversize-Cat-Eye-Sunglasses-Women-i.18587545.318862265,https://cf.shopee.co.id/file/2291030522f48f8b4c9ff10806f4b0c8
Fashion,FashionAccessory,SOFTLENS SOFLEN SOFTLEN NEWBLUK / NEWBLUK FREE LENSCASE ALL COLOR NORMAL [NO MINUS],Rp26599,26599,1708,https://shopee.co.id/SOFTLENS-SOFLEN-SOFTLEN-NEWBLUK-NEWBLUK-FREE-LENSCASE-ALL-COLOR-NORMAL-NO-MINUS--i.5153623.492447039,https://cf.shopee.co.id/file/51ecd8b539541178052796990bd04ca1
Fashion,FashionAccessory,Kacamata Hitam Pria Wanita Model thug Life Mosaic Sunglasses Women Fashion,Rp8500 - Rp11999,10249.5,1640,https://shopee.co.id/Kacamata-Hitam-Pria-Wanita-Model-thug-Life-Mosaic-Sunglasses-Women-Fashion-i.18587545.1683141408,https://cf.shopee.co.id/file/cf0f108f67745c0e0c52385466ef3987
Fashion,FashionAccessory,X2 60ml /CAIRAN SOFTLENS/ X2 COMFORT,Rp9020,9020,1794,https://shopee.co.id/X2-60ml-CAIRAN-SOFTLENS-X2-COMFORT-i.3711861.43694736,https://cf.shopee.co.id/file/b3be5cc1391981d8506d4b643c6f133d
Fashion,FashionAccessory,Kacamata Hitam Import Bentuk Kucing Gaya Vintage Retro Bahan Metal,Rp17000,17000,1549,https://shopee.co.id/Kacamata-Hitam-Import-Bentuk-Kucing-Gaya-Vintage-Retro-Bahan-Metal-i.24548222.1376717202,https://cf.shopee.co.id/file/e12b7a481dab6cdc33f383bc6dfca46d
Fashion,FashionAccessory,GROSIR FASHION BATAM - JB002 - Premium Bandana Simpul Twist Elastis Ala Korea Untuk Wanita,Rp6199,6199,2009,https://shopee.co.id/GROSIR-FASHION-BATAM-JB002-Premium-Bandana-Simpul-Twist-Elastis-Ala-Korea-Untuk-Wanita-i.28368144.1735238301,https://cf.shopee.co.id/file/c115f08bc90ba75a5e7aef42d14f6323
Fashion,FashionAccessory,kupluk plus bordir nama angka dll BEANY HAT CUSTOM NAMA,Rp18000,18000,1622,https://shopee.co.id/kupluk-plus-bordir-nama-angka-dll-BEANY-HAT-CUSTOM-NAMA-i.19818843.922443066,https://cf.shopee.co.id/file/f87330c0155b4f50b864c3fbc2cdb01a
Fashion,FashionAccessory,Kacamata Bingkai Optik Gaya Retro Vintage Bingkai Logam,Rp23500,23500,1718,https://shopee.co.id/Kacamata-Bingkai-Optik-Gaya-Retro-Vintage-Bingkai-Logam-i.24548222.1540832482,https://cf.shopee.co.id/file/4673cab83e9f0466cb66d41d2b956b4b
Fashion,FashionAccessory,Gelang Zodiak Import (20gr) ACC003,Rp8000,8000,1606,https://shopee.co.id/Gelang-Zodiak-Import-(20gr)-ACC003-i.5282124.1761060680,https://cf.shopee.co.id/file/7cd8326d59ac08984ac296fb1e8b8fb9
Fashion,FashionAccessory,Topi Jepang / Topi Mancing Murah,Rp7670 - Rp8722,8196,1558,https://shopee.co.id/Topi-Jepang-Topi-Mancing-Murah-i.18243978.639859423,https://cf.shopee.co.id/file/ab42effd5594c3900140615a97548689
