产品名,关键字,频率
Shopee: No.1 Belanja Online,shopee,14
Shopee: No.1 Belanja Online,lazada,13
Tokopedia - Jual Beli Online,shopee,13
Shopee: No.1 Belanja Online,tokopedia,12
Tokopedia - Jual Beli Online,olx,12
Tokopedia - Jual Beli Online,lazada,12
Lazada - #1 Online Shopping,shopee,12
Shopee: No.1 Belanja Online,akulaku,11
Shopee: No.1 Belanja Online,bukalapak,11
Tokopedia - Jual Beli Online,tokopedia,11
Lazada - #1 Online Shopping,lazada,11
Lazada - #1 Online Shopping,olshop,11
Lazada - #1 Online Shopping,olx,11
Bukalapak - Jual Beli Online,shopee,11
Shopee: No.1 Belanja Online,sophie,10
Shopee: No.1 Belanja Online,buka lapak,10
Tokopedia - Jual Beli Online,bukalapak,10
Tokopedia - Jual Beli Online,online shop,10
Tokopedia - Jual Beli Online,akulaku,10
Lazada - #1 Online Shopping,tokopedia,10
Bukalapak - Jual Beli Online,olx,10
Bukalapak - Jual Beli Online,lazada,10
OLX Indonesia,shopee,10
JD.id - Jual Beli Online,olshop,10
Shopee: No.1 Belanja Online,jd id,9
Shopee: No.1 Belanja Online,jdid,9
Tokopedia - Jual Beli Online,buka lapak,9
Tokopedia - Jual Beli Online,sophie,9
Lazada - #1 Online Shopping,online shop,9
Lazada - #1 Online Shopping,shop online,9
Lazada - #1 Online Shopping,bukalapak,9
Bukalapak - Jual Beli Online,blibli,9
Bukalapak - Jual Beli Online,tokopedia,9
Bukalapak - Jual Beli Online,akulaku,9
OLX Indonesia,olx,9
JD.id - Jual Beli Online,lazada,9
JD.id - Jual Beli Online,shopee,9
Akulaku,olshop,9
Optik Melawai,next shopping,9
Tokopedia - Jual Beli Online,jd id,8
Tokopedia - Jual Beli Online,jdid,8
Lazada - #1 Online Shopping,sophie,8
Bukalapak - Jual Beli Online,buka lapak,8
Bukalapak - Jual Beli Online,bukalapak,8
OLX Indonesia,tokopedia,8
OLX Indonesia,akulaku,8
JD.id - Jual Beli Online,blibli,8
JD.id - Jual Beli Online,olx,8
ZALORA - Fashion Shopping,shopee,8
Blibli - Belanja Online,shop online,8
Blibli - Belanja Online,online shop,8
Blibli - Belanja Online,lazada,8
UNIQLO ID,olshop,8
Optik Melawai,shopping guide,8
Optik Melawai,shopp,8
Optik Melawai,discount shopping,8
Optik Melawai,free shipping,8
KlikIndomaret,next shopping,8
Shopee: No.1 Belanja Online,online shops,7
Shopee: No.1 Belanja Online,shope,7
Tokopedia - Jual Beli Online,buka lapak jual beli online,7
Lazada - #1 Online Shopping,shaping,7
Lazada - #1 Online Shopping,sjop,7
Lazada - #1 Online Shopping,jd id,7
Lazada - #1 Online Shopping,jdid,7
Bukalapak - Jual Beli Online,sophie,7
OLX Indonesia,buka lapak,7
OLX Indonesia,bukalapak,7
JD.id - Jual Beli Online,oline shop,7
JD.id - Jual Beli Online,e-commerce,7
JD.id - Jual Beli Online,akulaku,7
JD.id - Jual Beli Online,tokopedia,7
Blibli - Belanja Online,blibli,7
Blibli - Belanja Online,olx,7
Blibli - Belanja Online,shopee,7
Akulaku,bershka,7
Akulaku,online shop,7
Akulaku,shop online,7
Carousell,lazada,7
H&M,olshop,7
AliExpress Shopping App,ebqy,7
AliExpress Shopping App,ebzy,7
AliExpress Shopping App,ensy,7
AliExpress Shopping App,ybay,7
Optik Melawai,india shopping,7
KlikIndomaret,shopping guide,7
KlikIndomaret,shopp,7
KlikIndomaret,discount shopping,7
KlikIndomaret,free shipping,7
Ultra Voucher,next shopping,7
Shopee: No.1 Belanja Online,belanja online,6
Tokopedia - Jual Beli Online,jual beli online,6
Tokopedia - Jual Beli Online,online shops,6
Tokopedia - Jual Beli Online,shope,6
Tokopedia - Jual Beli Online,sale stock,6
Lazada - #1 Online Shopping,lajada,6
Lazada - #1 Online Shopping,shping,6
Bukalapak - Jual Beli Online,buka lapak jual beli online,6
Bukalapak - Jual Beli Online,jd id,6
Bukalapak - Jual Beli Online,jdid,6
JD.id - Jual Beli Online,ecomerce,6
JD.id - Jual Beli Online,ecommerce,6
JD.id - Jual Beli Online,onlineshop,6
JD.id - Jual Beli Online,sjop,6
JD.id - Jual Beli Online,sophie,6
JD.id - Jual Beli Online,buka lapak,6
JD.id - Jual Beli Online,bukalapak,6
ZALORA - Fashion Shopping,clothing,6
ZALORA - Fashion Shopping,zalora,6
Blibli - Belanja Online,tokopedia,6
Blibli - Belanja Online,akulaku,6
Akulaku,oline shop,6
Akulaku,olx,6
Akulaku,blibli,6
Akulaku,shopee,6
Akulaku,zara,6
Zilingo Shopping,shoppen,6
Zilingo Shopping,window shopping,6
UNIQLO ID,online shop,6
UNIQLO ID,shop online,6
H&M,lazada,6
Prioriti Shopper,aap store,6
Pull & Bear,bershka,6
Pull & Bear,shoe,6
ZARA,olshop,6
MatahariMall,e-commerce,6
eBay: Buy Sell & Save,ebbay,6
eBay: Buy Sell & Save,ebday,6
eBay: Buy Sell & Save,ebqy,6
eBay: Buy Sell & Save,ebzy,6
eBay: Buy Sell & Save,eebay,6
eBay: Buy Sell & Save,ensy,6
eBay: Buy Sell & Save,evbay,6
eBay: Buy Sell & Save,ybay,6
Optik Melawai,shaping,6
Optik Melawai,china shopping,6
Optik Melawai,shopping sales,6
KlikIndomaret,india shopping,6
Ultra Voucher,shopping guide,6
Ultra Voucher,shopp,6
Ultra Voucher,discount shopping,6
Ultra Voucher,free shipping,6
MyPoin,next shopping,6
Tokopedia - Jual Beli Online,beli,5
Tokopedia - Jual Beli Online,toko online,5
Lazada - #1 Online Shopping,lada,5
Lazada - #1 Online Shopping,lasagna,5
Lazada - #1 Online Shopping,sale stock,5
Lazada - #1 Online Shopping,shope,5
Bukalapak - Jual Beli Online,jual beli,5
Bukalapak - Jual Beli Online,jual beli online,5
Bukalapak - Jual Beli Online,jualan,5
Bukalapak - Jual Beli Online,jual,5
OLX Indonesia,buka lapak jual beli online,5
JD.id - Jual Beli Online,jd id,5
JD.id - Jual Beli Online,jdid,5
ZALORA - Fashion Shopping,baju,5
Blibli - Belanja Online,belanja online,5
Blibli - Belanja Online,buka lapak,5
Blibli - Belanja Online,bukalapak,5
Blibli - Belanja Online,sophie,5
Akulaku,akulaku,5
Akulaku,sjop,5
Akulaku,online shops,5
Akulaku,zalora,5
Carousell,marketplace,5
Carousell,market place,5
Carousell,olx,5
Carousell,shopee,5
Carousell,tokopedia,5
Zilingo Shopping,shping,5
Zilingo Shopping,thailand shopping,5
UNIQLO ID,onlineshop,5
UNIQLO ID,online shopping apps,5
UNIQLO ID,oline shop,5
UNIQLO ID,shopping online,5
Sephora - Beauty Shopping,cosmetic,5
Sephora - Beauty Shopping,cosmetics,5
AliExpress Shopping App,accessory,5
AliExpress Shopping App,accessories,5
AliExpress Shopping App,ebuy,5
Newchic - Mode Online Shopping,mall,5
Newchic - Mode Online Shopping,clothing,5
Pull & Bear,zara,5
Pull & Bear,zara indonesia,5
Sale Stock Toko Baju Online,online shop,5
Sale Stock Toko Baju Online,shop online,5
Sale Stock Toko Baju Online,blibli,5
ZARA,bershka,5
ZARA,lazada,5
IKEA Store,aap store,5
Bershka,olshop,5
MatahariMall,ecomerce,5
MatahariMall,ecommerce,5
eBay: Buy Sell & Save,eay,5
eBay: Buy Sell & Save,eb,5
eBay: Buy Sell & Save,ebwy,5
eBay: Buy Sell & Save,rbay,5
Optik Melawai,smart shopping,5
Optik Melawai,shop kick,5
Optik Melawai,window shopping,5
Optik Melawai,shoppen,5
Optik Melawai,shopkick,5
Berrybenka,lajada,5
Berrybenka,lazada seller center,5
Stradivarius - Fashion Store,shoe,5
iLOTTE,belanja,5
Wish - Shopping Made Fun,ebbay,5
Wish - Shopping Made Fun,ebday,5
Wish - Shopping Made Fun,ebqy,5
Wish - Shopping Made Fun,ebzy,5
Wish - Shopping Made Fun,eebay,5
Wish - Shopping Made Fun,ensy,5
Wish - Shopping Made Fun,evbay,5
Wish - Shopping Made Fun,ybay,5
BUMP - Buy & Sell Streetwear,sneakers,5
KlikIndomaret,e-commerce,5
KlikIndomaret,china shopping,5
KlikIndomaret,shopping sales,5
KlikIndomaret,shaping,5
Ultra Voucher,india shopping,5
MyPoin,shopping guide,5
MyPoin,shopp,5
MyPoin,discount shopping,5
MyPoin,free shipping,5
JessaCollection.com,next shopping,5
Shopee: No.1 Belanja Online,shopee id,4
Tokopedia - Jual Beli Online,jual online,4
Tokopedia - Jual Beli Online,selling,4
Tokopedia - Jual Beli Online,toko pedia jual beli online,4
Tokopedia - Jual Beli Online,toko,4
Lazada - #1 Online Shopping,shopping,4
Bukalapak - Jual Beli Online,beli,4
Bukalapak - Jual Beli Online,com,4
Bukalapak - Jual Beli Online,hm,4
Bukalapak - Jual Beli Online,shope,4
OLX Indonesia,klx,4
OLX Indonesia,zalora indonesia,4
JD.id - Jual Beli Online,toko online,4
ZALORA - Fashion Shopping,apparel,4
ZALORA - Fashion Shopping,apparels,4
ZALORA - Fashion Shopping,clothe,4
ZALORA - Fashion Shopping,zilingo,4
Blibli - Belanja Online,blanja,4
Blibli - Belanja Online,online shopping,4
Blibli - Belanja Online,jd id,4
Blibli - Belanja Online,jdid,4
Blibli - Belanja Online,buka lapak jual beli online,4
Blibli - Belanja Online,sale stock,4
Akulaku,mango,4
Akulaku,sophie,4
Carousell,marketplaces,4
Carousell,jualan,4
Carousell,sjop,4
Carousell,bukalapak,4
Carousell,buka lapak,4
Zilingo Shopping,fashion shopping,4
Zilingo Shopping,market place,4
Zilingo Shopping,marketplace,4
Zilingo Shopping,elektronik,4
Zilingo Shopping,fashion shop,4
Zilingo Shopping,marketplace app,4
UNIQLO ID,forever 21,4
UNIQLO ID,forever21,4
UNIQLO ID,online shopping app,4
UNIQLO ID,pomelo fashion,4
UNIQLO ID,pamelo,4
UNIQLO ID,pomelo,4
UNIQLO ID,pull & bear,4
H&M,jm,4
H&M,clother,4
H&M,cloths,4
H&M,lothes,4
H&M,nm,4
H&M,zalora,4
H&M,shopee,4
Sephora - Beauty Shopping,makeup shopping,4
Sephora - Beauty Shopping,skincare,4
Sephora - Beauty Shopping,skin care,4
AliExpress Shopping App,allibaba express,4
AliExpress Shopping App,lwish,4
AliExpress Shopping App,whishes,4
Prioriti Shopper,estore,4
Newchic - Mode Online Shopping,mall online,4
Newchic - Mode Online Shopping,jual beli online,4
Newchic - Mode Online Shopping,jual beli,4
Newchic - Mode Online Shopping,clothing men,4
Newchic - Mode Online Shopping,jual,4
Newchic - Mode Online Shopping,jualo,4
Pull & Bear,accessory,4
Pull & Bear,accessories,4
Sale Stock Toko Baju Online,baju,4
Sale Stock Toko Baju Online,mall,4
Sale Stock Toko Baju Online,akulaku,4
Sale Stock Toko Baju Online,tokopedia,4
ZARA,zara,4
ZARA,zara indonesia,4
IKEA Store,store app,4
IKEA Store,store,4
Bershka,bershka,4
Bershka,oline shop,4
Bershka,onlineshop,4
Pomelo Fashion,clothing,4
Pomelo Fashion,clothes,4
MatahariMall,olshop,4
MatahariMall,blibli,4
MatahariMall,lazada,4
MatahariMall,olx,4
eBay: Buy Sell & Save,ebuy,4
Optik Melawai,shping,4
Optik Melawai,thailand shopping,4
Berrybenka,lada,4
Berrybenka,lasagna,4
Berrybenka,plaza,4
Stradivarius - Fashion Store,aap store,4
Sayurbox,groceries,4
iLOTTE,terpercaya,4
iLOTTE,belanja online,4
Wish - Shopping Made Fun,eay,4
Wish - Shopping Made Fun,eb,4
Wish - Shopping Made Fun,ebwy,4
Wish - Shopping Made Fun,rbay,4
Watsons ID,shopping online,4
Watsons ID,online shop,4
Watsons ID,online market,4
Watsons ID,online shopping site,4
Watsons ID,online shopping pakistan,4
Watsons ID,online shops,4
Watsons ID,online shopping apps,4
Watsons ID,shop online,4
BUMP - Buy & Sell Streetwear,yezzy,4
BUMP - Buy & Sell Streetwear,yeezy boost,4
BUMP - Buy & Sell Streetwear,yeezy,4
KlikIndomaret,ecomerce,4
KlikIndomaret,ecommerce,4
KlikIndomaret,smart shopping,4
KlikIndomaret,shop kick,4
KlikIndomaret,shopkick,4
KlikIndomaret,shoppen,4
KlikIndomaret,window shopping,4
Lazada Seller Center,lazada seller center,4
Lazada Seller Center,lajada,4
combyne - your perfect Outfit,shoe,4
Banggood Easy Online Shopping,ebbay,4
Banggood Easy Online Shopping,ebday,4
Banggood Easy Online Shopping,ebqy,4
Banggood Easy Online Shopping,ebzy,4
Banggood Easy Online Shopping,eebay,4
Banggood Easy Online Shopping,ensy,4
Banggood Easy Online Shopping,evbay,4
Banggood Easy Online Shopping,ybay,4
adidas Indonesia,sneakers,4
CHARLES & KEITH,catalogs,4
BLANJA - Jual Beli Online,belanja,4
Ultra Voucher,shopping sales,4
Ultra Voucher,shaping,4
Ultra Voucher,china shopping,4
Ultra Voucher,discount shopping apps,4
MyPoin,india shopping,4
Jakmall,discount shopping,4
ALTHEA: Best of Korean Beauty,cosmetic,4
ALTHEA: Best of Korean Beauty,cosmetics,4
elevenia - yang kamu cari ada,e-commerce,4
Berdikari Book,free shipping,4
JessaCollection.com,shopp,4
JessaCollection.com,shopping guide,4
Mothercare Indonesia,next shopping,4
Shopee: No.1 Belanja Online,shop,3
Shopee: No.1 Belanja Online,shoppe,3
Shopee: No.1 Belanja Online,soping,3
Lazada - #1 Online Shopping,lasada,3
Lazada - #1 Online Shopping,shoppinh,3
Bukalapak - Jual Beli Online,bli bli com,3
Bukalapak - Jual Beli Online,jual online,3
Bukalapak - Jual Beli Online,carousell,3
Bukalapak - Jual Beli Online,toko,3
Bukalapak - Jual Beli Online,toko pedia jual beli online,3
OLX Indonesia,opx,3
OLX Indonesia,toko indonesia,3
JD.id - Jual Beli Online,gd,3
JD.id - Jual Beli Online,id,3
ZALORA - Fashion Shopping,z,3
ZALORA - Fashion Shopping,zalora - toko fashion online,3
ZALORA - Fashion Shopping,zalora indonesia,3
ZALORA - Fashion Shopping,shopping,3
Blibli - Belanja Online,digitals,3
Blibli - Belanja Online,globale,3
Blibli - Belanja Online,globle,3
Blibli - Belanja Online,toko online,3
Blibli - Belanja Online,com,3
Akulaku,zilingo,3
Akulaku,shope,3
Akulaku,uniqlo,3
Carousell,furnitures,3
Carousell,forniture,3
Carousell,e!,3
Zilingo Shopping,marketplaces,3
Zilingo Shopping,shopping india,3
ZAFUL - My Fashion Story,za,3
ZAFUL - My Fashion Story,tara,3
ZAFUL - My Fashion Story,sara,3
ZAFUL - My Fashion Story,zahra,3
ZAFUL - My Fashion Story,zar,3
UNIQLO ID,offers,3
UNIQLO ID,discount,3
UNIQLO ID,mango,3
H&M,him,3
H&M,hm,3
H&M,ahm,3
Sephora - Beauty Shopping,makeup shop,3
Sephora - Beauty Shopping,promotion,3
Sephora - Beauty Shopping,promotions,3
Sephora - Beauty Shopping,trends,3
AliExpress Shopping App,clother,3
AliExpress Shopping App,clothese,3
AliExpress Shopping App,cloths,3
AliExpress Shopping App,lothes,3
AliExpress Shopping App,wishing,3
AliExpress Shopping App,wishi,3
Prioriti Shopper,free store application,3
Prioriti Shopper,shopping stores,3
Newchic - Mode Online Shopping,shopping malls,3
Newchic - Mode Online Shopping,fashion online shopping,3
Newchic - Mode Online Shopping,dmall,3
Newchic - Mode Online Shopping,clothing store,3
Pull & Bear,pull & bear,3
Pull & Bear,pull&bear,3
Pull & Bear,pomelo fashion,3
Pull & Bear,shoes,3
Pull & Bear,pamelo,3
Pull & Bear,pomelo,3
Sale Stock Toko Baju Online,sale stock,3
Sale Stock Toko Baju Online,mall online,3
Sale Stock Toko Baju Online,sophie,3
Sale Stock Toko Baju Online,jd id,3
Sale Stock Toko Baju Online,jdid,3
ZARA,clothe,3
Bershka,zara indonesia,3
Bershka,zara,3
Bershka,forever 21,3
Bershka,akulaku,3
Bershka,forever21,3
Bershka,zalora,3
Pomelo Fashion,fashion shopping,3
Pomelo Fashion,baju,3
Pomelo Fashion,clothing men,3
Amazon - Shopping made easy,elektronik,3
MatahariMall,oline shop,3
MatahariMall,mall,3
MatahariMall,buka lapak jual beli online,3
MatahariMall,shopee,3
MatahariMall,buka lapak,3
MatahariMall,bukalapak,3
MatahariMall,tokopedia,3
Mobil123.com,jual beli mobil,3
Mobil123.com,pasar,3
eBay: Buy Sell & Save,selling,3
Optik Melawai,teleshopping,3
Berrybenka,shopee id,3
Berrybenka,klx,3
Berrybenka,blibli,3
Stradivarius - Fashion Store,clothes,3
Stradivarius - Fashion Store,estore,3
Stradivarius - Fashion Store,men's clothes,3
Stradivarius - Fashion Store,woman clothing,3
Stradivarius - Fashion Store,bershka,3
Stradivarius - Fashion Store,clothing,3
Sayurbox,grocery,3
iLOTTE,jolly chic,3
iLOTTE,shein,3
iLOTTE,jollychic,3
iLOTTE,jolychic,3
iLOTTE,blanja com,3
Wish - Shopping Made Fun,gadgets,3
Wish - Shopping Made Fun,jm,3
Wish - Shopping Made Fun,lwish,3
Wish - Shopping Made Fun,nm,3
Wish - Shopping Made Fun,whishes,3
Watsons ID,online shopping app,3
Watsons ID,online shoppig,3
BUMP - Buy & Sell Streetwear,new sneakers,3
KlikIndomaret,groceries,3
KlikIndomaret,groceri,3
KlikIndomaret,grocieries,3
Lazada Seller Center,lazada,3
Lazada Seller Center,lada,3
Lazada Seller Center,lasagna,3
Lazada Seller Center,plaza,3
combyne - your perfect Outfit,plyvore,3
combyne - your perfect Outfit,polyvore,3
combyne - your perfect Outfit,pollyanna,3
combyne - your perfect Outfit,handbag,3
combyne - your perfect Outfit,handbags,3
8Wood,lajada,3
8Wood,lazada seller center,3
8Wood,onlineshop,3
Banggood Easy Online Shopping,ebuy,3
Banggood Easy Online Shopping,allibaba express,3
Banggood Easy Online Shopping,eay,3
Banggood Easy Online Shopping,eb,3
Banggood Easy Online Shopping,ebwy,3
Banggood Easy Online Shopping,rbay,3
adidas Indonesia,adidas,3
adidas Indonesia,adidas sneakers,3
adidas Indonesia,adidas yeezy,3
adidas Indonesia,yeezy boost,3
adidas Indonesia,adidas shoes,3
adidas Indonesia,yeezy,3
adidas Indonesia,adi,3
adidas Indonesia,stockx,3
adidas Indonesia,yezzy,3
adidas Indonesia,shoe,3
adidas Indonesia,hypebeast,3
adidas Indonesia,size,3
adidas Indonesia,goat,3
Apple Store,aap store,3
Apple Store,store,3
Apple Store,store app,3
Apple Store,accessory,3
Apple Store,accessories,3
Mapemall,online shop,3
Mapemall,online shopping apps,3
Mapemall,online market,3
Mapemall,online shopping pakistan,3
Mapemall,online shopping site,3
CHARLES & KEITH,footwear,3
CHARLES & KEITH,catalogue,3
CHARLES & KEITH,catalog,3
CHARLES & KEITH,shopping online,3
CHARLES & KEITH,olx,3
MANGO - 在线时尚,catalogs,3
MANGO - 在线时尚,online shops,3
BLANJA - Jual Beli Online,blanja,3
BLANJA - Jual Beli Online,terpercaya,3
BLANJA - Jual Beli Online,jual beli,3
BLANJA - Jual Beli Online,jual beli online,3
BLANJA - Jual Beli Online,jual,3
BLANJA - Jual Beli Online,jualan,3
BLANJA - Jual Beli Online,jualo,3
BLANJA - Jual Beli Online,kaskus jual beli,3
BLANJA - Jual Beli Online,online shopping,3
BLANJA - Jual Beli Online,beli,3
BLANJA - Jual Beli Online,belanja online,3
Ultra Voucher,shop kick,3
Ultra Voucher,smart shopping,3
Ultra Voucher,window shopping,3
Ultra Voucher,fashion shopping apps,3
Ultra Voucher,makeup shopping,3
Ultra Voucher,shopkick,3
Ultra Voucher,shoppen,3
Ultra Voucher,shping,3
Forever 21,apparels,3
Forever 21,apparel,3
Tukar Tambah HP - Diskon HP,shop online,3
MyPoin,china shopping,3
MyPoin,shopping sales,3
MyPoin,shaping,3
MyPoin,thailand shopping,3
Jakmall,discount shopping apps,3
ALTHEA: Best of Korean Beauty,beauty shopping app,3
ALTHEA: Best of Korean Beauty,skincare,3
ALTHEA: Best of Korean Beauty,skin care,3
elevenia - yang kamu cari ada,ecomerce,3
elevenia - yang kamu cari ada,ecommerce,3
elevenia - yang kamu cari ada,sjop,3
GOAT C Shop Sneakers,sneakers,3
GearBest Online Shopping,ebbay,3
GearBest Online Shopping,ebday,3
GearBest Online Shopping,ebqy,3
GearBest Online Shopping,ebzy,3
GearBest Online Shopping,eebay,3
GearBest Online Shopping,ensy,3
GearBest Online Shopping,evbay,3
GearBest Online Shopping,ybay,3
Otten Coffee,online food,3
Prelo - Jual Sewa Titip,market place,3
Prelo - Jual Sewa Titip,marketplace,3
Prelo - Jual Sewa Titip,marketplace app,3
JessaCollection.com,discount shopping,3
JessaCollection.com,india shopping,3
JessaCollection.com,free shipping,3
Hijabenka,fashion shop,3
Hijabenka,olshop,3
YAMAHA Parts Catalogue IDN,ekatalog,3
YAMAHA Parts Catalogue IDN,katalog,3
hypermart online,e-commerce,3
Mothercare Indonesia,shopping guide,3
Mothercare Indonesia,shopp,3
MNC Shop,next shopping,3
Alfacart,belanja,3
日本乐天市场 - 乐购日本正货,cosmetics,3
日本乐天市场 - 乐购日本正货,cosmetic,3
Shopee: No.1 Belanja Online,app shop,2
Shopee: No.1 Belanja Online,onlaine,2
Shopee: No.1 Belanja Online,shoping,2
Shopee: No.1 Belanja Online,singaporean,2
Shopee: No.1 Belanja Online,shopback,2
Shopee: No.1 Belanja Online,indonesia,2
Tokopedia - Jual Beli Online,ebooks gratis,2
Tokopedia - Jual Beli Online,dana,2
Tokopedia - Jual Beli Online,promos,2
Tokopedia - Jual Beli Online,sepulsa,2
Tokopedia - Jual Beli Online,sip,2
Tokopedia - Jual Beli Online,tcash,2
Lazada - #1 Online Shopping,shpping,2
Lazada - #1 Online Shopping,olx jual beli online,2
Bukalapak - Jual Beli Online,shoppe,2
OLX Indonesia,ilx,2
OLX Indonesia,ol,2
OLX Indonesia,olc,2
OLX Indonesia,ebay,2
OLX Indonesia,iklan,2
OLX Indonesia,o,2
JD.id - Jual Beli Online,jad,2
JD.id - Jual Beli Online,jf,2
JD.id - Jual Beli Online,jg,2
JD.id - Jual Beli Online,shop,2
JD.id - Jual Beli Online,alibaba,2
JD.id - Jual Beli Online,j,2
Blibli - Belanja Online,bli bli com,2
Blibli - Belanja Online,digitale,2
Blibli - Belanja Online,global,2
Blibli - Belanja Online,soping,2
Blibli - Belanja Online,timbangan digital,2
Blibli - Belanja Online,toko,2
Akulaku,ali,2
Akulaku,aliexpress,2
Akulaku,toko online,2
Carousell,bekas,2
Carousell,carousell,2
Carousell,carrousel,2
Carousell,pre-loved,2
Carousell,preloved,2
Carousell,sale,2
Zilingo Shopping,zilingo,2
Zilingo Shopping,electronics,2
Zilingo Shopping,z,2
Zilingo Shopping,shoppinh,2
Zilingo Shopping,shoppink,2
Zilingo Shopping,shopclues,2
Zilingo Shopping,shopping,2
Zilingo Shopping,go shopping,2
ZAFUL - My Fashion Story,oultet,2
ZAFUL - My Fashion Story,outlets,2
ZAFUL - My Fashion Story,outnet,2
ZAFUL - My Fashion Story,outlet,2
ZAFUL - My Fashion Story,sahara,2
UNIQLO ID,unik,2
UNIQLO ID,uniqlo,2
UNIQLO ID,id,2
UNIQLO ID,u,2
UNIQLO ID,charles & keith,2
UNIQLO ID,ids,2
UNIQLO ID,fahsion,2
H&M,clothes stores,2
H&M,retil,2
H&M,hma,2
Sephora - Beauty Shopping,beauty shop,2
Sephora - Beauty Shopping,makeup store,2
Sephora - Beauty Shopping,go-shop,2
Sephora - Beauty Shopping,promtion,2
Sephora - Beauty Shopping,products,2
Sephora - Beauty Shopping,product,2
Sephora - Beauty Shopping,mana,2
Sephora - Beauty Shopping,digitals,2
AliExpress Shopping App,ali baba express,2
AliExpress Shopping App,ebbudy,2
AliExpress Shopping App,ebony,2
AliExpress Shopping App,home shopping,2
AliExpress Shopping App,iwish,2
Prioriti Shopper,app shopper,2
Prioriti Shopper,shop deals,2
Prioriti Shopper,rewards,2
Newchic - Mode Online Shopping,online mall,2
Newchic - Mode Online Shopping,shopping centre,2
Newchic - Mode Online Shopping,shopping mall,2
Newchic - Mode Online Shopping,beli online,2
Newchic - Mode Online Shopping,fashion clothing,2
Newchic - Mode Online Shopping,jual online,2
Newchic - Mode Online Shopping,buy online,2
Newchic - Mode Online Shopping,men's clothing,2
Newchic - Mode Online Shopping,wholesale clothing,2
Newchic - Mode Online Shopping,mens clothing,2
Newchic - Mode Online Shopping,moll,2
Pull & Bear,fragrances,2
Pull & Bear,hm,2
Pull & Bear,fragrance,2
Sale Stock Toko Baju Online,bayar online,2
Sale Stock Toko Baju Online,for sale,2
Sale Stock Toko Baju Online,for-sale,2
Sale Stock Toko Baju Online,app sales,2
Sale Stock Toko Baju Online,dmall,2
Sale Stock Toko Baju Online,toko indonesia,2
Sale Stock Toko Baju Online,harga handphone,2
ZARA,tara,2
ZARA,zahra,2
ZARA,zar,2
ZARA,sara,2
ZARA,clother,2
ZARA,clothese,2
ZARA,cloths,2
ZARA,lothes,2
ZARA,za,2
ZARA,jd id,2
ZARA,jdid,2
IKEA Store,apps store,2
IKEA Store,app store,2
IKEA Store,forniture,2
IKEA Store,furnitures,2
Bershka,pull & bear,2
Bershka,pull&bear,2
Bershka,pamelo,2
Bershka,pomelo,2
Bershka,pomelo fashion,2
Bershka,fashion online shopping,2
Bershka,sale stock,2
Bershka,mango,2
Bershka,zalora indonesia,2
Pomelo Fashion,clothing store,2
Pomelo Fashion,clothe,2
Pomelo Fashion,forever 21,2
Pomelo Fashion,forever21,2
MatahariMall,matahari mall,2
MatahariMall,mataharimall,2
MatahariMall,matahari,2
MatahariMall,matahari store,2
MatahariMall,globale,2
MatahariMall,globle,2
MatahariMall,zalora,2
MatahariMall,sophie,2
MatahariMall,akulaku,2
Ponta Indonesia,ipoint,2
Ponta Indonesia,loyalty,2
Ponta Indonesia,loyalty program,2
Mobil123.com,com hd,2
Mobil123.com,com,2
eBay: Buy Sell & Save,buy,2
eBay: Buy Sell & Save,obey,2
eBay: Buy Sell & Save,offers,2
eBay: Buy Sell & Save,elektronik,2
eBay: Buy Sell & Save,e!,2
eBay: Buy Sell & Save,lakupon,2
Optik Melawai,technology shopping,2
Optik Melawai,shopping india,2
Berrybenka,elavenia,2
Berrybenka,ilevenia,2
Berrybenka,levenia,2
Berrybenka,ahopee,2
Berrybenka,elvenia,2
Berrybenka,gd,2
Berrybenka,shoop,2
Berrybenka,shpee,2
Berrybenka,zalora - toko fashion online,2
Berrybenka,opx,2
Berrybenka,elevenia,2
Berrybenka,shopee,2
Stradivarius - Fashion Store,clothing men,2
Stradivarius - Fashion Store,men clothing,2
Stradivarius - Fashion Store,oufit,2
Stradivarius - Fashion Store,zara,2
Stradivarius - Fashion Store,outfit,2
Stradivarius - Fashion Store,zara indonesia,2
Sayurbox,sayur,2
Sayurbox,klik,2
iLOTTE,lotte,2
iLOTTE,mall online,2
iLOTTE,brands,2
iLOTTE,the brand,2
iLOTTE,mall,2
iLOTTE,shopping malls,2
Wish - Shopping Made Fun,taokaenoi,2
Wish - Shopping Made Fun,which,2
Wish - Shopping Made Fun,baobab,2
Wish - Shopping Made Fun,coupuns,2
Wish - Shopping Made Fun,wishes,2
Wish - Shopping Made Fun,wishing,2
Watsons ID,watson,2
Watsons ID,watson's,2
Watsons ID,watsons,2
Watsons ID,what's on,2
Watsons ID,whats on,2
Watsons ID,health services,2
Watsons ID,watsap,2
Watsons ID,watzon,2
Watsons ID,online shopping india,2
BUMP - Buy & Sell Streetwear,streatwear,2
BUMP - Buy & Sell Streetwear,streetwear,2
BUMP - Buy & Sell Streetwear,coat,2
BUMP - Buy & Sell Streetwear,goa,2
BUMP - Buy & Sell Streetwear,selling,2
KlikIndomaret,indomaret,2
KlikIndomaret,klik indomaret,2
KlikIndomaret,alfamart,2
KlikIndomaret,online grocery,2
KlikIndomaret,grocery,2
KlikIndomaret,grocery shopping app,2
KlikIndomaret,grocery shopping,2
Lazada Seller Center,lasada,2
Lazada Seller Center,sellers,2
Lazada Seller Center,alzada,2
Lazada Seller Center,lazda,2
Lazada Seller Center,lezada,2
Lazada Seller Center,lozada,2
Lazada Seller Center,ladida,2
Lazada Seller Center,shopee id,2
Lazada Seller Center,zada,2
Snapcart: Cashback for Receipt,hadiah,2
Snapcart: Cashback for Receipt,cash-back,2
Snapcart: Cashback for Receipt,cash back,2
Snapcart: Cashback for Receipt,cashback,2
Snapcart: Cashback for Receipt,cash back apps,2
combyne - your perfect Outfit,shoe sales,2
combyne - your perfect Outfit,mens jeans,2
combyne - your perfect Outfit,poly,2
combyne - your perfect Outfit,shoe shopping,2
combyne - your perfect Outfit,shoe fashion,2
combyne - your perfect Outfit,quiz clothing,2
combyne - your perfect Outfit,clothing apps,2
combyne - your perfect Outfit,clothing app,2
8Wood,lada,2
8Wood,lasagna,2
8Wood,plaza,2
8Wood,oline shop,2
Banggood Easy Online Shopping,banggood,2
Banggood Easy Online Shopping,gearbest,2
Banggood Easy Online Shopping,gearbox,2
Banggood Easy Online Shopping,gadgets,2
Banggood Easy Online Shopping,lwish,2
Banggood Easy Online Shopping,whishes,2
Banggood Easy Online Shopping,wishi,2
Banggood Easy Online Shopping,lajada,2
Banggood Easy Online Shopping,lazada seller center,2
adidas Indonesia,addidas,2
adidas Indonesia,adidas shop,2
adidas Indonesia,originals,2
adidas Indonesia,jdsports,2
adidas Indonesia,snkrs,2
adidas Indonesia,new sneakers,2
Apple Store,mac,2
Mapemall,bershka,2
Mapemall,online shopping app,2
CHARLES & KEITH,bag,2
CHARLES & KEITH,handbag,2
CHARLES & KEITH,heels,2
CHARLES & KEITH,bags,2
CHARLES & KEITH,handbags,2
CHARLES & KEITH,shopping singapore,2
CHARLES & KEITH,accessory,2
CHARLES & KEITH,shoes,2
CHARLES & KEITH,accessories,2
CHARLES & KEITH,fashion woman,2
CHARLES & KEITH,fashion women,2
CHARLES & KEITH,onlineshop,2
CHARLES & KEITH,heel,2
CHARLES & KEITH,shoe,2
CHARLES & KEITH,walnut,2
METRO Department Store,e-shops,2
METRO Department Store,estore,2
METRO Department Store,store,2
METRO Department Store,aap store,2
METRO Department Store,apstore,2
METRO Department Store,free store application,2
METRO Department Store,stores,2
METRO Department Store,store app,2
METRO Department Store,shopping stores,2
METRO Department Store,e for,2
METRO Department Store,eapps,2
METRO Department Store,ehd,2
METRO Department Store,e4,2
METRO Department Store,mobile store,2
MANGO - 在线时尚,men's clothes,2
MANGO - 在线时尚,mens clothes,2
MANGO - 在线时尚,mens watches,2
MANGO - 在线时尚,woman clothing,2
MANGO - 在线时尚,clothes,2
MANGO - 在线时尚,trends,2
MANGO - 在线时尚,clothing,2
Jollychic- ???? ???,hadiah gratis,2
Jollychic- ???? ???,jolly,2
Jollychic- ???? ???,jolly chic,2
Jollychic- ???? ???,jollychic,2
Jollychic- ???? ???,jolychic,2
Jollychic- ???? ???,nm,2
Jollychic- ???? ???,him,2
Jollychic- ???? ???,jm,2
Jollychic- ???? ???,ahm,2
Jollychic- ???? ???,klx,2
BLANJA - Jual Beli Online,blanja com,2
BLANJA - Jual Beli Online,jual beli mobil,2
BLANJA - Jual Beli Online,shein,2
BLANJA - Jual Beli Online,buka lapak jual beli online,2
BLANJA - Jual Beli Online,blibli,2
BLANJA - Jual Beli Online,buka lapak,2
BLANJA - Jual Beli Online,bukalapak,2
BLANJA - Jual Beli Online,toko pedia jual beli online,2
BLANJA - Jual Beli Online,tokopedia,2
Ultra Voucher,evoucher,2
Ultra Voucher,voucher,2
Ultra Voucher,boucher,2
Ultra Voucher,wowcher,2
Ultra Voucher,voucher code,2
Ultra Voucher,vouchers,2
Ultra Voucher,shopping sale,2
Forever 21,plyvore,2
Forever 21,pollyanna,2
Forever 21,polyvore,2
Tukar Tambah HP - Diskon HP,online shops,2
Tukar Tambah HP - Diskon HP,online shopping pakistan,2
Tukar Tambah HP - Diskon HP,online shopping site,2
Tukar Tambah HP - Diskon HP,online shop,2
Tukar Tambah HP - Diskon HP,online market,2
Tukar Tambah HP - Diskon HP,online shoppig,2
Tukar Tambah HP - Diskon HP,online shoppinh,2
Tukar Tambah HP - Diskon HP,shopping online,2
Tukar Tambah HP - Diskon HP,online shopping,2
Tukar Tambah HP - Diskon HP,online shopping apps,2
MyPoin,myshopping,2
MyPoin,shoppen,2
MyPoin,shop kick,2
MyPoin,shping,2
MyPoin,smart shopping,2
MyPoin,window shopping,2
MyPoin,shopkick,2
MyPoin,teleshopping,2
Jakmall,commerces,2
Jakmall,mcommerce,2
Jakmall,commerce,2
Jakmall,disconto,2
Jakmall,discount card,2
Jakmall,dicount,2
Jakmall,discount,2
ALTHEA: Best of Korean Beauty,makeup shop,2
ALTHEA: Best of Korean Beauty,beauty shopping apps,2
ALTHEA: Best of Korean Beauty,makeup shopping,2
ALTHEA: Best of Korean Beauty,cosmetology,2
ALTHEA: Best of Korean Beauty,cosmetics app,2
ALTHEA: Best of Korean Beauty,thailand shopping,2
elevenia - yang kamu cari ada,lazada,2
elevenia - yang kamu cari ada,olx,2
GOAT C Shop Sneakers,adidas shoes,2
GOAT C Shop Sneakers,footwear,2
GOAT C Shop Sneakers,goat,2
GOAT C Shop Sneakers,yeezy,2
GOAT C Shop Sneakers,yezzy,2
GOAT C Shop Sneakers,adidas sneakers,2
GOAT C Shop Sneakers,adidas yeezy,2
GOAT C Shop Sneakers,size,2
GOAT C Shop Sneakers,stockx,2
GOAT C Shop Sneakers,yeezy boost,2
GOAT C Shop Sneakers,adi,2
GOAT C Shop Sneakers,adidas,2
GOAT C Shop Sneakers,hypebeast,2
GearBest Online Shopping,allibaba express,2
GearBest Online Shopping,eay,2
GearBest Online Shopping,eb,2
GearBest Online Shopping,ebwy,2
GearBest Online Shopping,rbay,2
GearBest Online Shopping,ebuy,2
Berdikari Book,hari,2
淘宝-双十二购物，移动生活社区,shio,2
Vova - Get Gifts & Save Money,ebbay,2
Vova - Get Gifts & Save Money,ebday,2
Vova - Get Gifts & Save Money,ebqy,2
Vova - Get Gifts & Save Money,ebzy,2
Vova - Get Gifts & Save Money,eebay,2
Vova - Get Gifts & Save Money,ensy,2
Vova - Get Gifts & Save Money,evbay,2
Vova - Get Gifts & Save Money,ybay,2
Prelo - Jual Sewa Titip,jualo,2
Prelo - Jual Sewa Titip,jual,2
Prelo - Jual Sewa Titip,jualan,2
Prelo - Jual Sewa Titip,marketplaces,2
Prelo - Jual Sewa Titip,jual beli,2
Prelo - Jual Sewa Titip,jual beli online,2
Prelo - Jual Sewa Titip,kaskus jual beli,2
Prelo - Jual Sewa Titip,beli,2
JessaCollection.com,terpercaya,2
JessaCollection.com,baju,2
JessaCollection.com,shopping sales,2
JessaCollection.com,shaping,2
JessaCollection.com,china shopping,2
YAMAHA Parts Catalogue IDN,catalog,2
YAMAHA Parts Catalogue IDN,catalogue,2
YAMAHA Parts Catalogue IDN,catalogues,2
YAMAHA Parts Catalogue IDN,catalog maker,2
YAMAHA Parts Catalogue IDN,catalogs,2
YAMAHA Parts Catalogue IDN,mtor,2
YAMAHA Parts Catalogue IDN,motorhead,2
YAMAHA Parts Catalogue IDN,motoren,2
YAMAHA Parts Catalogue IDN,motoheroz,2
YAMAHA Parts Catalogue IDN,motor klassik,2
YAMAHA Parts Catalogue IDN,mptor,2
YAMAHA Parts Catalogue IDN,motores,2
YAMAHA Parts Catalogue IDN,motori,2
YAMAHA Parts Catalogue IDN,motors,2
YAMAHA Parts Catalogue IDN,motu,2
YAMAHA Parts Catalogue IDN,morto,2
YAMAHA Parts Catalogue IDN,motor,2
hypermart online,online food,2
hypermart online,shop online,2
******,None,2
SHEIN-Fashion Shopping Online,thinges,2
SHEIN-Fashion Shopping Online,women's clothing,2
Sepulsa,agen pulsa,2
Sepulsa,beli pulsa,2
Sepulsa,pulsa,2
Sepulsa,pulsa online,2
Sepulsa,isi pulsa,2
Sepulsa,jual pulsa,2
Sepulsa,pulsa listrik,2
Sepulsa,gratis pulsa,2
Sepulsa,pulsa gratis,2
PlanetSurf Card,member,2
PlanetSurf Card,members,2
PlanetSurf Card,promotions,2
PlanetSurf Card,promotion,2
ASOS,apparel,2
ASOS,apparels,2
Mothercare Indonesia,fashion shops,2
Mothercare Indonesia,fashion shopping apps,2
Mothercare Indonesia,fashion shopping app,2
Mothercare Indonesia,shop fashion,2
Mothercare Indonesia,fashion shop,2
Mothercare Indonesia,fashion shopping,2
Mothercare Indonesia,india shopping,2
The F Thing,discount shopping apps,2
MNC Shop,ahop,2
MNC Shop,sjop,2
MNC Shop,olshop,2
MNC Shop,shopbob,2
MNC Shop,cheap shop,2
MNC Shop,shope,2
MNC Shop,shopping guide,2
MNC Shop,shopp,2
MNC Shop,discount shopping,2
ARENA XPRNC,next shopping,2
ARENA XPRNC,free shipping,2
Tiendeo C Catálogos y ofertas,ekatalog,2
Tiendeo C Catálogos y ofertas,katalog,2
VIP Plaza,fashion sales,2
Alfacart,ecommerce,2
Alfacart,ecomerce,2
Alfacart,groceries,2
Alfacart,e-commerce,2
Alfacart,market place,2
Alfacart,groceri,2
Alfacart,grocieries,2
Alfacart,marketplace,2
Alfacart,marketplace app,2
日本乐天市场 - 乐购日本正货,discount coupon,2
日本乐天市场 - 乐购日本正货,discount coupons,2
URBANSTORY,sneakers,2
Pasarwarga,pasar,2
Pasarwarga,belanja online,2
Pasarwarga,belanja,2
Pasarwarga,blanja,2
YesStyle,cosmetics,2
YesStyle,skincare,2
YesStyle,skin care,2
YesStyle,cosmetic,2
YesStyle,beauty shopping app,2
Shopee: No.1 Belanja Online,grtis,1
Shopee: No.1 Belanja Online,hihab,1
Shopee: No.1 Belanja Online,hjab,1
Shopee: No.1 Belanja Online,khimar,1
Shopee: No.1 Belanja Online,ne,1
Shopee: No.1 Belanja Online,niqab,1
Shopee: No.1 Belanja Online,se,1
Shopee: No.1 Belanja Online,#1,1
Tokopedia - Jual Beli Online,beli pulsa online,1
Tokopedia - Jual Beli Online,onlaine,1
Lazada - #1 Online Shopping,lazada gratis ongkir,1
Lazada - #1 Online Shopping,mlove,1
Lazada - #1 Online Shopping,apa,1
Lazada - #1 Online Shopping,tou,1
Lazada - #1 Online Shopping,ypu,1
Lazada - #1 Online Shopping,l,1
Bukalapak - Jual Beli Online,lapak,1
Bukalapak - Jual Beli Online,obline,1
Bukalapak - Jual Beli Online,promos,1
Bukalapak - Jual Beli Online,b,1
OLX Indonesia,bagus,1
OLX Indonesia,barang bekas,1
OLX Indonesia,jual beli barang bekas,1
OLX Indonesia,lx,1
OLX Indonesia,olk,1
OLX Indonesia,olx jual beli online,1
OLX Indonesia,ox,1
OLX Indonesia,plx,1
OLX Indonesia,bisnis,1
OLX Indonesia,business application,1
OLX Indonesia,businesses,1
OLX Indonesia,bisnis online,1
OLX Indonesia,indonesia,1
JD.id - Jual Beli Online,jb,1
JD.id - Jual Beli Online,jd,1
JD.id - Jual Beli Online,jd.id C jual beli online,1
ZALORA - Fashion Shopping,baju terbaru,1
ZALORA - Fashion Shopping,dtyle,1
ZALORA - Fashion Shopping,fashin,1
ZALORA - Fashion Shopping,fqshion,1
ZALORA - Fashion Shopping,fsshion,1
ZALORA - Fashion Shopping,jual baju,1
ZALORA - Fashion Shopping,man's,1
ZALORA - Fashion Shopping,mans,1
ZALORA - Fashion Shopping,men watch,1
ZALORA - Fashion Shopping,stlye,1
ZALORA - Fashion Shopping,dresses,1
ZALORA - Fashion Shopping,faahion,1
ZALORA - Fashion Shopping,fashon,1
ZALORA - Fashion Shopping,fhasion,1
ZALORA - Fashion Shopping,fshion,1
ZALORA - Fashion Shopping,batik,1
ZALORA - Fashion Shopping,jam,1
ZALORA - Fashion Shopping,'s,1
Blibli - Belanja Online,bibli,1
Akulaku,cred,1
Akulaku,credits,1
Akulaku,installment,1
Akulaku,credit,1
Akulaku,body shop,1
Akulaku,the body shop,1
Akulaku,bli bli com,1
Akulaku,shoppe,1
Akulaku,a,1
Carousell,basar,1
Carousell,sell,1
Carousell,uses,1
Carousell,snap chzt,1
Carousell,kaktus,1
Carousell,kaskus,1
Carousell,kskus,1
Carousell,furnitur,1
Carousell,furniture,1
Carousell,snapshat,1
Zilingo Shopping,zilingo shopping,1
Zilingo Shopping,fashion marketplace,1
Zilingo Shopping,online fashion,1
Zilingo Shopping,free shopping,1
Zilingo Shopping,shoping,1
Zilingo Shopping,shpping,1
Zilingo Shopping,fashion lifestyle,1
Zilingo Shopping,shopping center,1
Zilingo Shopping,soping,1
Zilingo Shopping,women shopping,1
ZAFUL - My Fashion Story,black friday sale,1
ZAFUL - My Fashion Story,black friday sales,1
ZAFUL - My Fashion Story,blackfriday,1
ZAFUL - My Fashion Story,blackrock,1
ZAFUL - My Fashion Story,friday quotes,1
ZAFUL - My Fashion Story,fryday,1
ZAFUL - My Fashion Story,good friday,1
ZAFUL - My Fashion Story,koh,1
ZAFUL - My Fashion Story,kohl,1
ZAFUL - My Fashion Story,kohl`s,1
ZAFUL - My Fashion Story,zaful,1
ZAFUL - My Fashion Story,black friday,1
ZAFUL - My Fashion Story,friday,1
ZAFUL - My Fashion Story,kohl's,1
ZAFUL - My Fashion Story,kohls,1
ZAFUL - My Fashion Story,blqck,1
ZAFUL - My Fashion Story,bottom,1
ZAFUL - My Fashion Story,iblack,1
ZAFUL - My Fashion Story,nlack,1
ZAFUL - My Fashion Story,black,1
UNIQLO ID,unil,1
UNIQLO ID,shop app,1
UNIQLO ID,union,1
UNIQLO ID,unique,1
UNIQLO ID,app shop,1
UNIQLO ID,shopping,1
H&M,ghm,1
H&M,handmade,1
H&M,hcm,1
H&M,hgm,1
H&M,hmm,1
H&M,hnd,1
H&M,hrm,1
H&M,hsm,1
H&M,m-video,1
H&M,hand,1
H&M,inspirations,1
H&M,video shopping,1
H&M,ham,1
H&M,shop,1
H&M,zilingo,1
Sephora - Beauty Shopping,go shopping,1
Sephora - Beauty Shopping,makeup trends,1
Sephora - Beauty Shopping,on sale,1
Sephora - Beauty Shopping,sephora,1
Sephora - Beauty Shopping,sephore,1
Sephora - Beauty Shopping,digital trends,1
Sephora - Beauty Shopping,beauty tips,1
Sephora - Beauty Shopping,shoppinh,1
Sephora - Beauty Shopping,beauty tip,1
Sephora - Beauty Shopping,sophia,1
Sephora - Beauty Shopping,trend,1
Sephora - Beauty Shopping,dari,1
Sephora - Beauty Shopping,uy,1
AliExpress Shopping App,ali,1
AliExpress Shopping App,alibi,1
AliExpress Shopping App,aliexpress,1
AliExpress Shopping App,eli,1
AliExpress Shopping App,vis,1
AliExpress Shopping App,wiks,1
AliExpress Shopping App,winch,1
AliExpress Shopping App,alibaba,1
AliExpress Shopping App,gsrden,1
Prioriti Shopper,in store,1
Prioriti Shopper,shopper,1
Prioriti Shopper,shoppers,1
Prioriti Shopper,exclusive,1
Prioriti Shopper,exclusives,1
Prioriti Shopper,get reward,1
Prioriti Shopper,getting,1
Prioriti Shopper,instant rewards,1
Prioriti Shopper,get paid,1
Prioriti Shopper,get rewards,1
Prioriti Shopper,personalised,1
Prioriti Shopper,personalized,1
Prioriti Shopper,rewards app,1
Prioriti Shopper,bing rewards,1
Prioriti Shopper,waff rewards,1
Prioriti Shopper,instore,1
Prioriti Shopper,reward points,1
Prioriti Shopper,whaff rewards,1
Prioriti Shopper,rewards apps,1
Prioriti Shopper,game rewards,1
Prioriti Shopper,app shopping,1
Prioriti Shopper,mobile rewards,1
Prioriti Shopper,rewards card,1
Newchic - Mode Online Shopping,newchic,1
Newchic - Mode Online Shopping,best buy,1
Newchic - Mode Online Shopping,bestbuy,1
Newchic - Mode Online Shopping,eastbay,1
Newchic - Mode Online Shopping,clothings,1
Newchic - Mode Online Shopping,kids clothing,1
Newchic - Mode Online Shopping,onlineshopping,1
Pull & Bear,grizzly bear,1
Pull & Bear,little bear,1
Pull & Bear,pull,1
Pull & Bear,teenager,1
Pull & Bear,trousers,1
Pull & Bear,dredd,1
Pull & Bear,t-shirts,1
Pull & Bear,young adult,1
Pull & Bear,mens shoes,1
Pull & Bear,shrit,1
Pull & Bear,yong,1
Pull & Bear,young,1
Pull & Bear,shirts,1
Pull & Bear,short,1
Pull & Bear,bear,1
Sale Stock Toko Baju Online,sale,1
Sale Stock Toko Baju Online,stoke,1
Sale Stock Toko Baju Online,stork,1
Sale Stock Toko Baju Online,syock,1
Sale Stock Toko Baju Online,toronto stock exchange,1
Sale Stock Toko Baju Online,etoro,1
Sale Stock Toko Baju Online,stock,1
Sale Stock Toko Baju Online,cek ongkir,1
Sale Stock Toko Baju Online,ongkir jne,1
Sale Stock Toko Baju Online,toko,1
Sale Stock Toko Baju Online,rumah,1
ZARA,fashio,1
ZARA,zaf,1
ZARA,zara dress,1
ZARA,zara shoes,1
ZARA,zea,1
ZARA,zta,1
ZARA,garment,1
ZARA,lara,1
ZARA,zaza,1
ZARA,hm,1
ZARA,sahara,1
ZARA,sarah,1
ZARA,z,1
IKEA Store,bedrock,1
IKEA Store,furniture store,1
IKEA Store,icea,1
IKEA Store,iea,1
IKEA Store,ikea,1
IKEA Store,ikea indonesia,1
IKEA Store,ikia,1
IKEA Store,livingroom,1
IKEA Store,alinea,1
IKEA Store,decorer,1
IKEA Store,ikk,1
IKEA Store,iks,1
IKEA Store,imea,1
IKEA Store,living,1
IKEA Store,living room,1
IKEA Store,okra,1
IKEA Store,bed,1
IKEA Store,dekorasi,1
IKEA Store,childern,1
IKEA Store,ik,1
IKEA Store,inspirasi,1
IKEA Store,tidur,1
IKEA Store,ikan,1
Bershka,bdk,1
Bershka,bersa,1
Bershka,berserk,1
Bershka,berzerk,1
Bershka,besk,1
Bershka,brescia,1
Bershka,bsj,1
Bershka,versace,1
Bershka,berk,1
Bershka,bsk,1
Bershka,h&m,1
Pomelo Fashion,fast fashion,1
Pomelo Fashion,pamelo,1
Pomelo Fashion,pomelo,1
Pomelo Fashion,pomelo fashion,1
Pomelo Fashion,romero,1
Pomelo Fashion,bela,1
Pomelo Fashion,fesyen baju,1
Pomelo Fashion,mode fashon,1
Pomelo Fashion,palms,1
Pomelo Fashion,pomo,1
Pomelo Fashion,pompeii,1
Pomelo Fashion,fesyen,1
Pomelo Fashion,palmist,1
Pomelo Fashion,palm,1
Pomelo Fashion,anda,1
Pomelo Fashion,clother,1
Pomelo Fashion,clothese,1
Pomelo Fashion,fahsion,1
Pomelo Fashion,lothes,1
Pomelo Fashion,cloths,1
Pomelo Fashion,modes,1
Amazon - Shopping made easy,amaze,1
Amazon - Shopping made easy,amazin,1
Amazon - Shopping made easy,amazon,1
Amazon - Shopping made easy,amazon app,1
Amazon - Shopping made easy,amazon associates,1
Amazon - Shopping made easy,amazon india,1
Amazon - Shopping made easy,amazon jp,1
Amazon - Shopping made easy,amazon shopping,1
Amazon - Shopping made easy,amazon us,1
Amazon - Shopping made easy,amazon.co.uk,1
Amazon - Shopping made easy,amazon.in,1
Amazon - Shopping made easy,amazonas,1
Amazon - Shopping made easy,amman,1
Amazon - Shopping made easy,amzon,1
Amazon - Shopping made easy,buying,1
Amazon - Shopping made easy,gift shop,1
Amazon - Shopping made easy,maxon,1
Amazon - Shopping made easy,yamaxun,1
Amazon - Shopping made easy,amazon book,1
Amazon - Shopping made easy,amazon gift card,1
Amazon - Shopping made easy,amazon prime,1
Amazon - Shopping made easy,among,1
Amazon - Shopping made easy,kindle,1
Amazon - Shopping made easy,made,1
Amazon - Shopping made easy,primes,1
Amazon - Shopping made easy,aesy,1
Amazon - Shopping made easy,ama,1
Amazon - Shopping made easy,dvd,1
Amazon - Shopping made easy,kondom,1
MatahariMall,smartphones,1
MatahariMall,smartphonelogs,1
MatahariMall,smartphone,1
MatahariMall,global,1
MatahariMall,jd id,1
MatahariMall,jdid,1
MatahariMall,sale stock,1
Ponta Indonesia,points system,1
Ponta Indonesia,pont,1
Ponta Indonesia,ponta,1
Ponta Indonesia,termin,1
Ponta Indonesia,hyperterminal,1
Ponta Indonesia,loyalty points,1
Ponta Indonesia,kernel,1
Ponta Indonesia,membership,1
Ponta Indonesia,terminal emulator,1
Ponta Indonesia,terminal,1
Ponta Indonesia,sistema,1
Ponta Indonesia,systemcare,1
Ponta Indonesia,sydtem,1
Ponta Indonesia,system care,1
Ponta Indonesia,terminator,1
Ponta Indonesia,syestem,1
Ponta Indonesia,syetem,1
Ponta Indonesia,system apps,1
Ponta Indonesia,systems,1
Ponta Indonesia,sytem,1
Ponta Indonesia,sistem,1
Ponta Indonesia,system tool,1
Ponta Indonesia,globale,1
Ponta Indonesia,globle,1
Ponta Indonesia,pointe,1
Ponta Indonesia,pudding point,1
Ponta Indonesia,the point,1
Mobil123.com,123,1
Mobil123.com,mobile portal,1
Mobil123.com,porta,1
Mobil123.com,portal minecraft,1
Mobil123.com,portale,1
Mobil123.com,portales,1
Mobil123.com,portals,1
Mobil123.com,223,1
Mobil123.com,12e,1
Mobil123.com,otomotif,1
Mobil123.com,number 1,1
Mobil123.com,number one,1
Mobil123.com,portal 2,1
Mobil123.com,iklan,1
Mobil123.com,no one,1
Mobil123.com,no1,1
Mobil123.com,toko indonesia,1
Mobil123.com,1248,1
Mobil123.com,pencarian,1
Mobil123.com,portal,1
Mobil123.com,mpbil,1
Mobil123.com,no 1,1
Mobil123.com,no.1,1
Mobil123.com,mobik,1
Mobil123.com,asia mobile,1
Mobil123.com,asien,1
eBay: Buy Sell & Save,abaya,1
eBay: Buy Sell & Save,ebay,1
eBay: Buy Sell & Save,ebay indonesia,1
eBay: Buy Sell & Save,ebudy,1
eBay: Buy Sell & Save,furnitures,1
eBay: Buy Sell & Save,hr,1
eBay: Buy Sell & Save,samsung gift,1
eBay: Buy Sell & Save,samsung s6,1
eBay: Buy Sell & Save,forniture,1
eBay: Buy Sell & Save,launcher samsung,1
Optik Melawai,optik,1
Optik Melawai,optic,1
Optik Melawai,optika,1
Optik Melawai,glas,1
Optik Melawai,glassdoor,1
Optik Melawai,glass,1
Optik Melawai,o,1
Optik Melawai,shipping,1
Optik Melawai,kipling,1
Optik Melawai,shopclues,1
Optik Melawai,shoppink,1
Berrybenka,jad,1
Berrybenka,jf,1
Berrybenka,kd,1
Berrybenka,zalora,1
Berrybenka,zalora indonesia,1
Berrybenka,ilx,1
Berrybenka,jg,1
Berrybenka,ol,1
Berrybenka,olc,1
Berrybenka,sophie,1
Stradivarius - Fashion Store,clothing stores,1
Stradivarius - Fashion Store,fashion trends,1
Stradivarius - Fashion Store,clothes stores,1
Stradivarius - Fashion Store,clothing store,1
Stradivarius - Fashion Store,fashion for men,1
Stradivarius - Fashion Store,men clothes,1
Stradivarius - Fashion Store,men fashion,1
Stradivarius - Fashion Store,men shoes,1
Stradivarius - Fashion Store,men's clothing,1
Stradivarius - Fashion Store,men's shoes,1
Stradivarius - Fashion Store,online store,1
Stradivarius - Fashion Store,pull & bear,1
Stradivarius - Fashion Store,pull&bear,1
Stradivarius - Fashion Store,store online,1
Stradivarius - Fashion Store,lookbook,1
Stradivarius - Fashion Store,her,1
Sayurbox,fruits vegetables,1
Sayurbox,nostra,1
Sayurbox,vegetable,1
Sayurbox,vegetable fruit,1
Sayurbox,vegetables,1
Sayurbox,vegetables and fruits,1
Sayurbox,buah,1
Sayurbox,fruits and vegetables,1
Sayurbox,fruits basket,1
Sayurbox,raw food,1
Sayurbox,fruits star,1
Sayurbox,fruts,1
Sayurbox,kirim,1
Sayurbox,kirim aplikasi,1
Sayurbox,fuits,1
Sayurbox,food near me,1
Sayurbox,fruits,1
Sayurbox,syariah mandiri,1
Sayurbox,deliveries,1
Sayurbox,kfc delivery,1
Sayurbox,mandir,1
Sayurbox,burger king delivery,1
Sayurbox,delivery,1
Sayurbox,dilevery,1
Sayurbox,mandiri e cash,1
Sayurbox,mbanking mandiri,1
iLOTTE,lotte mart,1
iLOTTE,toko indo,1
iLOTTE,lotta,1
iLOTTE,lotte world,1
iLOTTE,lottie,1
iLOTTE,lpoint,1
iLOTTE,dmall,1
iLOTTE,online mall,1
iLOTTE,indo vwt,1
iLOTTE,malls,1
iLOTTE,ipoint,1
iLOTTE,indo,1
iLOTTE,shopping mall,1
iLOTTE,moll,1
iLOTTE,shopping centre,1
iLOTTE,toko online,1
Wish - Shopping Made Fun,homemade,1
Wish - Shopping Made Fun,wah,1
Wish - Shopping Made Fun,wins,1
Wish - Shopping Made Fun,wis,1
Wish - Shopping Made Fun,wish,1
Wish - Shopping Made Fun,nrxt,1
Wish - Shopping Made Fun,nwxt,1
Watsons ID,online health,1
Watsons ID,healty,1
Watsons ID,id,1
Watsons ID,id app,1
Watsons ID,id template,1
Watsons ID,iid,1
Watsons ID,companies,1
Watsons ID,ids,1
Watsons ID,kesehatan,1
Watsons ID,company,1
Watsons ID,sand,1
BUMP - Buy & Sell Streetwear,bum,1
BUMP - Buy & Sell Streetwear,bump,1
BUMP - Buy & Sell Streetwear,kleid,1
BUMP - Buy & Sell Streetwear,kleidung,1
BUMP - Buy & Sell Streetwear,bumps,1
BUMP - Buy & Sell Streetwear,depop,1
BUMP - Buy & Sell Streetwear,street fashion,1
BUMP - Buy & Sell Streetwear,dep,1
BUMP - Buy & Sell Streetwear,depe,1
BUMP - Buy & Sell Streetwear,dpo,1
BUMP - Buy & Sell Streetwear,hype,1
BUMP - Buy & Sell Streetwear,buy,1
BUMP - Buy & Sell Streetwear,superdry,1
BUMP - Buy & Sell Streetwear,supreme,1
BUMP - Buy & Sell Streetwear,bumping,1
BUMP - Buy & Sell Streetwear,depo,1
BUMP - Buy & Sell Streetwear,supra,1
BUMP - Buy & Sell Streetwear,sold,1
BUMP - Buy & Sell Streetwear,resell,1
BUMP - Buy & Sell Streetwear,boost,1
KlikIndomaret,klik,1
KlikIndomaret,klik magazine,1
KlikIndomaret,k,1
Lazada Seller Center,effortless,1
Lazada Seller Center,lasada shopping,1
Lazada Seller Center,seller,1
Lazada Seller Center,selling websites,1
Lazada Seller Center,selling apps,1
Lazada Seller Center,sell apps,1
Lazada Seller Center,ahopee,1
Lazada Seller Center,selling app,1
Lazada Seller Center,shoop,1
Lazada Seller Center,shpee,1
Lazada Seller Center,app shopper,1
Lazada Seller Center,sell online,1
Lazada Seller Center,raza,1
Lazada Seller Center,selling,1
Snapcart: Cashback for Receipt,app news,1
Snapcart: Cashback for Receipt,best news app,1
Snapcart: Cashback for Receipt,best news apps,1
Snapcart: Cashback for Receipt,cart,1
Snapcart: Cashback for Receipt,cash out,1
Snapcart: Cashback for Receipt,hadiah uang,1
Snapcart: Cashback for Receipt,new app,1
Snapcart: Cashback for Receipt,new apps,1
Snapcart: Cashback for Receipt,recent,1
Snapcart: Cashback for Receipt,reward,1
Snapcart: Cashback for Receipt,uang gratis,1
Snapcart: Cashback for Receipt,doku,1
Snapcart: Cashback for Receipt,receipt,1
Snapcart: Cashback for Receipt,receipts,1
Snapcart: Cashback for Receipt,cashmachine,1
Snapcart: Cashback for Receipt,get cash,1
Snapcart: Cashback for Receipt,rewards,1
Snapcart: Cashback for Receipt,uang cash,1
Snapcart: Cashback for Receipt,cah,1
Snapcart: Cashback for Receipt,cash back app,1
Snapcart: Cashback for Receipt,cash reward,1
Snapcart: Cashback for Receipt,cashbac,1
Snapcart: Cashback for Receipt,cash,1
Snapcart: Cashback for Receipt,uang,1
Snapcart: Cashback for Receipt,easy cash,1
combyne - your perfect Outfit,outfit,1
combyne - your perfect Outfit,outfit idea,1
combyne - your perfect Outfit,polywar,1
combyne - your perfect Outfit,poly war,1
combyne - your perfect Outfit,get your guide,1
combyne - your perfect Outfit,outfield,1
combyne - your perfect Outfit,oufit,1
combyne - your perfect Outfit,outfittery,1
combyne - your perfect Outfit,outfitters,1
combyne - your perfect Outfit,sunglasses,1
combyne - your perfect Outfit,get free games,1
combyne - your perfect Outfit,jeans,1
combyne - your perfect Outfit,jean,1
combyne - your perfect Outfit,social shopping,1
combyne - your perfect Outfit,wholesale clothing,1
combyne - your perfect Outfit,fashion outfits,1
8Wood,8,1
8Wood,wood cutting,1
8Wood,woods,1
8Wood,valora,1
8Wood,zaora,1
8Wood,zelora,1
8Wood,zlora,1
8Wood,zolora,1
8Wood,zslora,1
8Wood,alzada,1
8Wood,kazada,1
8Wood,lazda,1
8Wood,lezada,1
8Wood,lozada,1
8Wood,zalora online shopping,1
8Wood,zola,1
8Wood,zalo chat,1
8Wood,ladida,1
8Wood,zada,1
8Wood,zalo,1
8Wood,azora,1
8Wood,eight,1
Banggood Easy Online Shopping,furniture online,1
Banggood Easy Online Shopping,shopping day,1
Banggood Easy Online Shopping,electronics,1
Banggood Easy Online Shopping,coupuns,1
Banggood Easy Online Shopping,elektronik,1
Banggood Easy Online Shopping,lada,1
Banggood Easy Online Shopping,lasagna,1
adidas Indonesia,addis,1
adidas Indonesia,adada,1
adidas Indonesia,nro,1
adidas Indonesia,jd sports,1
adidas Indonesia,stain,1
adidas Indonesia,stsn,1
adidas Indonesia,neo,1
adidas Indonesia,stab,1
adidas Indonesia,sneaky,1
Apple Store,app stor,1
Apple Store,apple,1
Apple Store,apple id,1
Apple Store,apple pay,1
Apple Store,apple store,1
Apple Store,apple store app,1
Apple Store,applepay,1
Apple Store,around the corner,1
Apple Store,concierge,1
Apple Store,store locator,1
Apple Store,store locatore,1
Apple Store,app store,1
Apple Store,apps store,1
Apple Store,retil,1
Apple Store,around,1
Apple Store,apple watch,1
Apple Store,rezervation,1
Apple Store,watch,1
Apple Store,ipot,1
Apple Store,mac,1
Apple Store,ipod,1
Apple Store,ipad,1
Apple Store,retail,1
Apple Store,pencils,1
Mapemall,retailer,1
Mapemall,brands,1
Mapemall,retailers,1
Mapemall,? map,1
Mapemall,brandz,1
Mapemall,map,1
Mapemall,mitra,1
Mapemall,imap,1
Mapemall,the brand,1
Mapemall,mao,1
Mapemall,zmap,1
Mapemall,easy map,1
Mapemall,map pin,1
Mapemall,okmap,1
Mapemall,orux map,1
Mapemall,cmap,1
Mapemall,german map,1
Mapemall,gomap,1
Mapemall,map car,1
Mapemall,nmap,1
Mapemall,map search,1
Mapemall,ma,1
Mapemall,smart map,1
CHARLES & KEITH,accessories online,1
CHARLES & KEITH,charles,1
CHARLES & KEITH,charles & keith,1
CHARLES & KEITH,handbags online,1
CHARLES & KEITH,keith,1
CHARLES & KEITH,kith,1
CHARLES & KEITH,fashion & style,1
CHARLES & KEITH,singpore,1
CHARLES & KEITH,singaporean,1
METRO Department Store,department,1
METRO Department Store,metro,1
METRO Department Store,myc,1
METRO Department Store,department store,1
METRO Department Store,central department store,1
METRO Department Store,stocard,1
METRO Department Store,metro-app,1
METRO Department Store,metro2033,1
METRO Department Store,dept,1
METRO Department Store,e card,1
METRO Department Store,e-card,1
METRO Department Store,metro app,1
METRO Department Store,card scan,1
METRO Department Store,harian metro,1
METRO Department Store,e!,1
METRO Department Store,e+,1
MANGO - 在线时尚,kids fashion,1
MANGO - 在线时尚,mago,1
MANGO - 在线时尚,mambo,1
MANGO - 在线时尚,mango,1
MANGO - 在线时尚,mens jeans,1
MANGO - 在线时尚,mens outfit,1
MANGO - 在线时尚,mng,1
MANGO - 在线时尚,monki,1
MANGO - 在线时尚,sandro,1
MANGO - 在线时尚,womens clothes,1
MANGO - 在线时尚,men's fashion,1
MANGO - 在线时尚,mens clothing,1
MANGO - 在线时尚,mens fashion,1
MANGO - 在线时尚,clothe,1
MANGO - 在线时尚,mango's,1
MANGO - 在线时尚,men clothing,1
MANGO - 在线时尚,mena,1
MANGO - 在线时尚,ngo,1
MANGO - 在线时尚,clothing men,1
MANGO - 在线时尚,means,1
MANGO - 在线时尚,manga,1
Jollychic- ???? ???,ec,1
Jollychic- ???? ???,go home,1
Jollychic- ???? ???,mall online,1
Jollychic- ???? ???,p90,1
Jollychic- ???? ???,aziz,1
Jollychic- ???? ???,azzahra,1
Jollychic- ???? ???,go-shop,1
Jollychic- ???? ???,hot woman,1
Jollychic- ???? ???,tara,1
Jollychic- ???? ???,zahra,1
Jollychic- ???? ???,zar,1
Jollychic- ???? ???,???,1
Jollychic- ???? ???,sara,1
Jollychic- ???? ???,shopping malls,1
Jollychic- ???? ???,za,1
Jollychic- ???? ???,mall,1
Jollychic- ???? ???,hotm,1
Jollychic- ???? ???,hotmail,1
Jollychic- ???? ???,mail,1
Jollychic- ???? ???,email,1
BLANJA - Jual Beli Online,belanja hemat,1
BLANJA - Jual Beli Online,hemat batre,1
BLANJA - Jual Beli Online,beli online,1
BLANJA - Jual Beli Online,kredivo,1
BLANJA - Jual Beli Online,jual online,1
BLANJA - Jual Beli Online,jolly chic,1
BLANJA - Jual Beli Online,jollychic,1
BLANJA - Jual Beli Online,jolychic,1
BLANJA - Jual Beli Online,lotte,1
Ultra Voucher,ultra4,1
Ultra Voucher,ulta,1
Ultra Voucher,ultra,1
Ultra Voucher,u,1
Ultra Voucher,ultra hd,1
Forever 21,clothes,1
Forever 21,f21,1
Forever 21,forerunner,1
Forever 21,forever,1
Forever 21,forever 21,1
Forever 21,forever21,1
Forever 21,forever young,1
Forever 21,lush,1
Forever 21,ouo,1
Forever 21,clothing,1
Forever 21,him,1
Forever 21,jm,1
Forever 21,nm,1
Forever 21,whishes,1
Forever 21,ahm,1
Forever 21,lwish,1
Forever 21,poly,1
Forever 21,which,1
Forever 21,wishi,1
Forever 21,wishing,1
Forever 21,hma,1
Forever 21,trends,1
Forever 21,wishes,1
Forever 21,iwish,1
Forever 21,21,1
Tukar Tambah HP - Diskon HP,ehp,1
Tukar Tambah HP - Diskon HP,ahp,1
Tukar Tambah HP - Diskon HP,hb,1
Tukar Tambah HP - Diskon HP,kp,1
Tukar Tambah HP - Diskon HP,htp,1
Tukar Tambah HP - Diskon HP,diskon,1
Tukar Tambah HP - Diskon HP,hp,1
Tukar Tambah HP - Diskon HP,ho,1
Tukar Tambah HP - Diskon HP,online shopping india,1
Tukar Tambah HP - Diskon HP,online order,1
Tukar Tambah HP - Diskon HP,buy online,1
Tukar Tambah HP - Diskon HP,shopping spree,1
MyPoin,klik indomaret,1
MyPoin,alfamart,1
MyPoin,loyalty program,1
MyPoin,loyalty,1
MyPoin,loyalty apps,1
MyPoin,loyaltycard,1
MyPoin,loyalty app,1
MyPoin,dan,1
MyPoin,indomaret,1
MyPoin,dan the man,1
MyPoin,technology shopping,1
MyPoin,shopping india,1
Jakmall,niaga mobile,1
Jakmall,discounts,1
Jakmall,discount app,1
Jakmall,discount apps,1
Jakmall,niaga,1
Jakmall,digital's,1
Jakmall,digitals,1
Jakmall,digitale,1
Jakmall,digital,1
Jakmall,digital concert hall,1
Jakmall,timbangan digital,1
ALTHEA: Best of Korean Beauty,althea,1
ALTHEA: Best of Korean Beauty,fragrance,1
ALTHEA: Best of Korean Beauty,beauty shop,1
ALTHEA: Best of Korean Beauty,beauty shopping,1
ALTHEA: Best of Korean Beauty,fragrances,1
ALTHEA: Best of Korean Beauty,makeup store,1
ALTHEA: Best of Korean Beauty,makeup best,1
ALTHEA: Best of Korean Beauty,best of the best,1
ALTHEA: Best of Korean Beauty,korean drama,1
ALTHEA: Best of Korean Beauty,kr,1
ALTHEA: Best of Korean Beauty,korean series,1
ALTHEA: Best of Korean Beauty,masks,1
ALTHEA: Best of Korean Beauty,best of,1
ALTHEA: Best of Korean Beauty,maska,1
ALTHEA: Best of Korean Beauty,korea,1
ALTHEA: Best of Korean Beauty,korean,1
ALTHEA: Best of Korean Beauty,korean star,1
ALTHEA: Best of Korean Beauty,vio,1
ALTHEA: Best of Korean Beauty,viu indonesia,1
Fonts Keyboard Cool Text Style,cool text,1
Fonts Keyboard Cool Text Style,fonts keyboard,1
Fonts Keyboard Cool Text Style,fonts style,1
Fonts Keyboard Cool Text Style,keyboard font,1
Fonts Keyboard Cool Text Style,text styles,1
Fonts Keyboard Cool Text Style,written fonts,1
Fonts Keyboard Cool Text Style,fomt style,1
Fonts Keyboard Cool Text Style,font syle,1
Fonts Keyboard Cool Text Style,font sytle,1
Fonts Keyboard Cool Text Style,fount,1
Fonts Keyboard Cool Text Style,fount style,1
Fonts Keyboard Cool Text Style,front,1
Fonts Keyboard Cool Text Style,girly fonts,1
Fonts Keyboard Cool Text Style,cool fonts,1
Fonts Keyboard Cool Text Style,fonts free,1
Fonts Keyboard Cool Text Style,stlye font,1
Fonts Keyboard Cool Text Style,style font,1
Fonts Keyboard Cool Text Style,stylish fonts,1
Fonts Keyboard Cool Text Style,font style,1
Fonts Keyboard Cool Text Style,free fonts,1
Fonts Keyboard Cool Text Style,cool symbols,1
Fonts Keyboard Cool Text Style,cooltext,1
Fonts Keyboard Cool Text Style,font key,1
Fonts Keyboard Cool Text Style,ifonts,1
Fonts Keyboard Cool Text Style,textart,1
Fonts Keyboard Cool Text Style,fonts,1
Fonts Keyboard Cool Text Style,hifont,1
Fonts Keyboard Cool Text Style,font keyboard,1
Fonts Keyboard Cool Text Style,stylish font,1
Fonts Keyboard Cool Text Style,free font,1
瘦身相机 - 天天美容瘦脸P图神器,chin up,1
瘦身相机 - 天天美容瘦脸P图神器,plastics,1
瘦身相机 - 天天美容瘦脸P图神器,shinny,1
瘦身相机 - 天天美容瘦脸P图神器,skinny,1
瘦身相机 - 天天美容瘦脸P图神器,slim,1
瘦身相机 - 天天美容瘦脸P图神器,slim face,1
瘦身相机 - 天天美容瘦脸P图神器,slim fit,1
瘦身相机 - 天天美容瘦脸P图神器,slimer,1
瘦身相机 - 天天美容瘦脸P图神器,slimming,1
瘦身相机 - 天天美容瘦脸P图神器,thn,1
瘦身相机 - 天天美容瘦脸P图神器,face shape,1
瘦身相机 - 天天美容瘦脸P图神器,norse,1
瘦身相机 - 天天美容瘦脸P图神器,plastic surgery,1
瘦身相机 - 天天美容瘦脸P图神器,plump,1
瘦身相机 - 天天美容瘦脸P图神器,thin,1
瘦身相机 - 天天美容瘦脸P图神器,body editing,1
瘦身相机 - 天天美容瘦脸P图神器,body language,1
瘦身相机 - 天天美容瘦脸P图神器,han,1
瘦身相机 - 天天美容瘦脸P图神器,visage,1
瘦身相机 - 天天美容瘦脸P图神器,allo,1
瘦身相机 - 天天美容瘦脸P图神器,body,1
瘦身相机 - 天天美容瘦脸P图神器,discord,1
瘦身相机 - 天天美容瘦脸P图神器,motif,1
瘦身相机 - 天天美容瘦脸P图神器,photo mth,1
瘦身相机 - 天天美容瘦脸P图神器,photoath,1
瘦身相机 - 天天美容瘦脸P图神器,wonder,1
瘦身相机 - 天天美容瘦脸P图神器,yocam makeup,1
瘦身相机 - 天天美容瘦脸P图神器,you makeup,1
瘦身相机 - 天天美容瘦脸P图神器,surga,1
瘦身相机 - 天天美容瘦脸P图神器,slime,1
elevenia - yang kamu cari ada,elavenia,1
elevenia - yang kamu cari ada,elevania,1
elevenia - yang kamu cari ada,elevenia,1
elevenia - yang kamu cari ada,elvenia,1
elevenia - yang kamu cari ada,ilevenia,1
elevenia - yang kamu cari ada,levenia,1
elevenia - yang kamu cari ada,sellers,1
elevenia - yang kamu cari ada,ada,1
elevenia - yang kamu cari ada,ada's,1
elevenia - yang kamu cari ada,e,1
elevenia - yang kamu cari ada,zl,1
elevenia - yang kamu cari ada,kami,1
elevenia - yang kamu cari ada,korea make up,1
elevenia - yang kamu cari ada,my xl,1
elevenia - yang kamu cari ada,xl,1
elevenia - yang kamu cari ada,kamu,1
elevenia - yang kamu cari ada,yang,1
elevenia - yang kamu cari ada,kdrama,1
elevenia - yang kamu cari ada,blibli,1
elevenia - yang kamu cari ada,akulaku,1
elevenia - yang kamu cari ada,buka lapak,1
elevenia - yang kamu cari ada,bukalapak,1
elevenia - yang kamu cari ada,tokopedia,1
elevenia - yang kamu cari ada,shopee,1
GOAT C Shop Sneakers,confirm,1
GOAT C Shop Sneakers,confirmed,1
GOAT C Shop Sneakers,foot locker,1
GOAT C Shop Sneakers,footlocker,1
GOAT C Shop Sneakers,goa,1
GOAT C Shop Sneakers,goats,1
GOAT C Shop Sneakers,goth,1
GOAT C Shop Sneakers,ioffer,1
GOAT C Shop Sneakers,jordans,1
GOAT C Shop Sneakers,kicks,1
GOAT C Shop Sneakers,new sneakers,1
GOAT C Shop Sneakers,snkrs,1
GOAT C Shop Sneakers,coat,1
GOAT C Shop Sneakers,oat,1
GOAT C Shop Sneakers,sneaker,1
GOAT C Shop Sneakers,got,1
GearBest Online Shopping,gearbest,1
GearBest Online Shopping,gearbox,1
GearBest Online Shopping,banggood,1
GearBest Online Shopping,clubfactory,1
GearBest Online Shopping,siomi,1
GearBest Online Shopping,xaiomi,1
GearBest Online Shopping,xaomi,1
GearBest Online Shopping,xiqomi,1
GearBest Online Shopping,xisomi,1
GearBest Online Shopping,xoaomi,1
GearBest Online Shopping,xuaomi,1
GearBest Online Shopping,xiami,1
GearBest Online Shopping,xoami,1
GearBest Online Shopping,mihome,1
GearBest Online Shopping,xiaomi,1
GearBest Online Shopping,xiomi,1
Berdikari Book,adalah,1
Berdikari Book,baca ebook,1
Berdikari Book,baca,1
Berdikari Book,membaca,1
Berdikari Book,buku,1
Berdikari Book,book app,1
Berdikari Book,ebooks gratis,1
Berdikari Book,gratis ebooks,1
Berdikari Book,beli buku,1
Berdikari Book,buku bacaan,1
Berdikari Book,ebook gratis,1
Berdikari Book,bulu,1
Berdikari Book,book apps,1
Berdikari Book,book-app,1
Berdikari Book,buku resep,1
淘宝-双十二购物，移动生活社区,358,1
淘宝-双十二购物，移动生活社区,baobao,1
淘宝-双十二购物，移动生活社区,tabo,1
淘宝-双十二购物，移动生活社区,tao,1
淘宝-双十二购物，移动生活社区,taobao,1
淘宝-双十二购物，移动生活社区,亚马孙,1
淘宝-双十二购物，移动生活社区,亚马逊,1
淘宝-双十二购物，移动生活社区,淘宝,1
淘宝-双十二购物，移动生活社区,淘宝网,1
淘宝-双十二购物，移动生活社区,淘,1
淘宝-双十二购物，移动生活社区,陶宝,1
淘宝-双十二购物，移动生活社区,38,1
淘宝-双十二购物，移动生活社区,52,1
淘宝-双十二购物，移动生活社区,57,1
淘宝-双十二购物，移动生活社区,59,1
淘宝-双十二购物，移动生活社区,bao,1
淘宝-双十二购物，移动生活社区,taokaenoi,1
淘宝-双十二购物，移动生活社区,28,1
淘宝-双十二购物，移动生活社区,baobab,1
淘宝-双十二购物，移动生活社区,jai,1
淘宝-双十二购物，移动生活社区,qiu qiu,1
淘宝-双十二购物，移动生活社区,shu,1
淘宝-双十二购物，移动生活社区,55,1
淘宝-双十二购物，移动生活社区,98,1
淘宝-双十二购物，移动生活社区,wu,1
淘宝-双十二购物，移动生活社区,hei,1
淘宝-双十二购物，移动生活社区,china,1
淘宝-双十二购物，移动生活社区,qiuqiu,1
淘宝-双十二购物，移动生活社区,tai,1
Otten Coffee,coffee machines,1
Otten Coffee,cupping note,1
Otten Coffee,otten,1
Otten Coffee,otten coffee,1
Otten Coffee,batista,1
Otten Coffee,coffee machine,1
Otten Coffee,barista,1
Otten Coffee,caffè,1
Otten Coffee,coffe,1
Otten Coffee,coffee,1
Otten Coffee,coffee shop,1
Otten Coffee,coffee shops,1
Otten Coffee,coffeeapp,1
Otten Coffee,sources,1
Otten Coffee,peet's coffee,1
Otten Coffee,coffee app,1
Otten Coffee,coffeehouse,1
Otten Coffee,coffees,1
Otten Coffee,london's best coffee,1
Otten Coffee,coffee house,1
Otten Coffee,great coffee,1
Otten Coffee,peets coffee,1
Otten Coffee,source,1
Otten Coffee,coffre,1
Otten Coffee,food note,1
Otten Coffee,coffee guide,1
Otten Coffee,koffie,1
Otten Coffee,coffee world,1
Otten Coffee,construction tools,1
Vova - Get Gifts & Save Money,vova,1
Vova - Get Gifts & Save Money,get money online,1
Vova - Get Gifts & Save Money,jollibee,1
Vova - Get Gifts & Save Money,save monry,1
Vova - Get Gifts & Save Money,allibaba express,1
Vova - Get Gifts & Save Money,free gifts,1
Vova - Get Gifts & Save Money,how to get money,1
Vova - Get Gifts & Save Money,jolly,1
Vova - Get Gifts & Save Money,aliexpress com,1
Vova - Get Gifts & Save Money,save money,1
Vova - Get Gifts & Save Money,american express,1
Vova - Get Gifts & Save Money,get money,1
Vova - Get Gifts & Save Money,obey,1
Vova - Get Gifts & Save Money,ali baba express,1
Vova - Get Gifts & Save Money,ebbudy,1
Vova - Get Gifts & Save Money,ebuy,1
Vova - Get Gifts & Save Money,alien creeps,1
Vova - Get Gifts & Save Money,eay,1
Vova - Get Gifts & Save Money,eb,1
Vova - Get Gifts & Save Money,ebony,1
Vova - Get Gifts & Save Money,ebwy,1
Vova - Get Gifts & Save Money,rbay,1
Prelo - Jual Sewa Titip,preloved,1
Prelo - Jual Sewa Titip,siwa,1
Prelo - Jual Sewa Titip,bekas,1
Prelo - Jual Sewa Titip,pre-loved,1
Prelo - Jual Sewa Titip,secondhand,1
Prelo - Jual Sewa Titip,sewa,1
Prelo - Jual Sewa Titip,branded,1
Prelo - Jual Sewa Titip,seva,1
Prelo - Jual Sewa Titip,authentic,1
Prelo - Jual Sewa Titip,originals,1
Prelo - Jual Sewa Titip,original,1
Prelo - Jual Sewa Titip,carousell,1
Prelo - Jual Sewa Titip,carrousel,1
Prelo - Jual Sewa Titip,kaskus fjb,1
Prelo - Jual Sewa Titip,blanja com,1
Prelo - Jual Sewa Titip,jual beli mobil,1
Prelo - Jual Sewa Titip,olx,1
Prelo - Jual Sewa Titip,lamudi,1
Prelo - Jual Sewa Titip,buka lapak jual beli online,1
JessaCollection.com,wanita,1
JessaCollection.com,collections,1
JessaCollection.com,murah,1
JessaCollection.com,collection,1
JessaCollection.com,j,1
JessaCollection.com,hari,1
JessaCollection.com,com hd,1
JessaCollection.com,com,1
JessaCollection.com,com's,1
JessaCollection.com,shop kick,1
JessaCollection.com,smart shopping,1
JessaCollection.com,window shopping,1
JessaCollection.com,shoppen,1
JessaCollection.com,shping,1
JessaCollection.com,makeup shopping,1
JessaCollection.com,shopkick,1
JessaCollection.com,teleshopping,1
JessaCollection.com,thailand shopping,1
JessaCollection.com,shopping sale,1
Hijabenka,muslim shopping app,1
Hijabenka,muslim shop,1
Hijabenka,baju,1
Hijabenka,muslim lifestyle,1
Hijabenka,oline shop,1
Hijabenka,fashion online shopping,1
Hijabenka,onlineshop,1
Hijabenka,for muslim,1
Hijabenka,mmuslim pro,1
Hijabenka,msulim pro,1
Hijabenka,musilm,1
Hijabenka,muslim prp,1
Hijabenka,muslimah,1
Hijabenka,muslin,1
Hijabenka,uslim pro,1
Hijabenka,xusni muslim,1
Hijabenka,husnul muslim,1
Hijabenka,muslim games,1
Hijabenka,muslim.,1
Hijabenka,muslim marriage,1
Hijabenka,bershka,1
Hijabenka,lasada,1
Hijabenka,lazada,1
Hijabenka,shopback,1
Hijabenka,uni qlo,1
Hijabenka,uniqlo,1
Hijabenka,zara,1
Hijabenka,zara indonesia,1
YAMAHA Parts Catalogue IDN,parts,1
YAMAHA Parts Catalogue IDN,yamaha,1
YAMAHA Parts Catalogue IDN,yamaha part catalog,1
YAMAHA Parts Catalogue IDN,yamaha partscatalogue idn,1
YAMAHA Parts Catalogue IDN,yamaha rxv,1
YAMAHA Parts Catalogue IDN,yamaha yzf,1
YAMAHA Parts Catalogue IDN,idn,1
YAMAHA Parts Catalogue IDN,my yamaha,1
YAMAHA Parts Catalogue IDN,yamamah,1
YAMAHA Parts Catalogue IDN,yamaha ysp,1
YAMAHA Parts Catalogue IDN,y,1
Airfrov,airflow,1
Airfrov,airfrov,1
Airfrov,couriers,1
Airfrov,daigou,1
Airfrov,overseas,1
Airfrov,request,1
Airfrov,shipper,1
Airfrov,japan shop,1
Airfrov,courier,1
Airfrov,ezbuy,1
Airfrov,home goods,1
Airfrov,japan today,1
Airfrov,usa,1
Airfrov,usq,1
Airfrov,uss,1
Airfrov,goods,1
Airfrov,japon,1
Airfrov,japón,1
Airfrov,products,1
Airfrov,shio,1
Airfrov,jaan,1
Airfrov,the good,1
Airfrov,cdjapan,1
Airfrov,product,1
Airfrov,sheeps,1
Airfrov,japan keyboard,1
Airfrov,ship,1
Airfrov,earn bitcoin,1
Airfrov,ships,1
Airfrov,earn,1
hypermart online,hypermart,1
hypermart online,commerces,1
hypermart online,eonline,1
hypermart online,matahari,1
hypermart online,matahari mall,1
hypermart online,matahari store,1
hypermart online,mataharimall,1
hypermart online,mcommerce,1
hypermart online,e-shops,1
hypermart online,prima,1
hypermart online,commerce,1
hypermart online,e entertainment,1
hypermart online,online shopping app,1
hypermart online,online shopping apps,1
hypermart online,online shoppig,1
hypermart online,online shoppinh,1
hypermart online,e code,1
hypermart online,online shopping,1
hypermart online,online shopping site,1
hypermart online,online shop,1
hypermart online,online shopping pakistan,1
hypermart online,shopping online,1
hypermart online,online shops,1
hypermart online,e for,1
hypermart online,e4,1
hypermart online,eapps,1
hypermart online,ehd,1
SHEIN-Fashion Shopping Online,pretty women,1
SHEIN-Fashion Shopping Online,shane,1
SHEIN-Fashion Shopping Online,sheen,1
SHEIN-Fashion Shopping Online,shein,1
SHEIN-Fashion Shopping Online,stein,1
SHEIN-Fashion Shopping Online,women's fashion,1
SHEIN-Fashion Shopping Online,womens fashion,1
SHEIN-Fashion Shopping Online,boohoo,1
SHEIN-Fashion Shopping Online,she,1
SHEIN-Fashion Shopping Online,shin,1
SHEIN-Fashion Shopping Online,shine,1
SHEIN-Fashion Shopping Online,womens clothing,1
SHEIN-Fashion Shopping Online,zalora - toko fashion online,1
SHEIN-Fashion Shopping Online,unik,1
SHEIN-Fashion Shopping Online,ebbay,1
SHEIN-Fashion Shopping Online,ebday,1
SHEIN-Fashion Shopping Online,ebqy,1
SHEIN-Fashion Shopping Online,ebzy,1
SHEIN-Fashion Shopping Online,eebay,1
SHEIN-Fashion Shopping Online,ensy,1
SHEIN-Fashion Shopping Online,evbay,1
SHEIN-Fashion Shopping Online,shopee id,1
SHEIN-Fashion Shopping Online,ybay,1
SHEIN-Fashion Shopping Online,klx,1
SHEIN-Fashion Shopping Online,opx,1
SHEIN-Fashion Shopping Online,lajada,1
SHEIN-Fashion Shopping Online,lazada seller center,1
SHEIN-Fashion Shopping Online,shop online,1
Sepulsa,sepulsa,1
Sepulsa,isi pulsa online,1
Sepulsa,voucher gratis,1
Sepulsa,dana,1
Sepulsa,isi pulsa gratis,1
Sepulsa,paprika,1
Sepulsa,sip,1
Sepulsa,isi,1
Sepulsa,isis,1
Sepulsa,teknologi,1
Sepulsa,voucer gratis,1
Sepulsa,wowcher,1
Sepulsa,tcash,1
Sepulsa,tcash telkomsel,1
Sepulsa,twallet,1
Sepulsa,voucher code,1
Sepulsa,evoucher,1
Sepulsa,vouchers,1
Sepulsa,voucher,1
Sepulsa,boucher,1
Sepulsa,toko pedia jual beli online,1
PlanetSurf Card,sterling,1
PlanetSurf Card,member card,1
PlanetSurf Card,wakesurfing,1
PlanetSurf Card,promtion,1
PlanetSurf Card,surfingers,1
PlanetSurf Card,surfing,1
PlanetSurf Card,juce,1
PlanetSurf Card,promotion app,1
PlanetSurf Card,juice ssh,1
PlanetSurf Card,surf session,1
PlanetSurf Card,surfy,1
PlanetSurf Card,kite surf,1
PlanetSurf Card,surfcam,1
PlanetSurf Card,juices,1
PlanetSurf Card,poker card,1
PlanetSurf Card,serf,1
PlanetSurf Card,surfa,1
PlanetSurf Card,world surf league,1
PlanetSurf Card,sirf,1
PlanetSurf Card,surf notes,1
PlanetSurf Card,surfar,1
PlanetSurf Card,surt,1
PlanetSurf Card,juice defender,1
PlanetSurf Card,juice recipe,1
PlanetSurf Card,sufr,1
PlanetSurf Card,surfin,1
ASOS,acos,1
ASOS,aesop,1
ASOS,aos,1
ASOS,argos,1
ASOS,asap,1
ASOS,asds,1
ASOS,aso,1
ASOS,asobi,1
ASOS,asos,1
ASOS,asp,1
ASOS,aspa,1
ASOS,asso,1
ASOS,azus,1
ASOS,cos,1
ASOS,eso,1
ASOS,osas,1
ASOS,osis,1
ASOS,soas,1
ASOS,zappos,1
ASOS,asks,1
ASOS,aus,1
ASOS,mens clothes,1
ASOS,asi,1
ASOS,men's clothes,1
ASOS,mens watches,1
ASOS,asics,1
ASOS,oss,1
ASOS,asus,1
Ace Hardware,electricals,1
Ace Hardware,garden tools,1
Ace Hardware,home improvement,1
Ace Hardware,ace,1
Ace Hardware,ace hardware,1
Ace Hardware,ace hardware indonesia,1
Ace Hardware,acehardware,1
Ace Hardware,acehardware indonesia,1
Ace Hardware,electrican,1
Ace Hardware,home repairs,1
Ace Hardware,improvements,1
Ace Hardware,power tool,1
Ace Hardware,power tools,1
Ace Hardware,lawn,1
Ace Hardware,plumbing,1
Ace Hardware,mobile repair,1
Ace Hardware,repairs,1
Ace Hardware,ace attorney,1
Ace Hardware,hardware,1
Ace Hardware,improvement,1
Ace Hardware,ace combat,1
Ace Hardware,acw,1
Ace Hardware,electrical,1
Ace Hardware,hardware info,1
Ace Hardware,home shopping,1
Ace Hardware,aces,1
Ace Hardware,home ideas,1
Ace Hardware,electrik,1
Ace Hardware,cool tools,1
Ace Hardware,etools,1
******,None,1
Mothercare Indonesia,mother care,1
Mothercare Indonesia,motherboard,1
Mothercare Indonesia,mothercare,1
Mothercare Indonesia,baby shop,1
Mothercare Indonesia,mother's,1
Mothercare Indonesia,mothers,1
Mothercare Indonesia,baby shopping,1
Mothercare Indonesia,busy mom,1
Mothercare Indonesia,mkm,1
Mothercare Indonesia,mom's,1
Mothercare Indonesia,mom to be,1
Mothercare Indonesia,hot mom,1
Mothercare Indonesia,mombaby,1
Mothercare Indonesia,mom baby,1
Mothercare Indonesia,mam,1
Mothercare Indonesia,shaping,1
Mothercare Indonesia,japan fashion,1
Mothercare Indonesia,ofashion,1
Mothercare Indonesia,urban fashion,1
Mothercare Indonesia,kfashion,1
The F Thing,thing thing,1
The F Thing,oultet,1
The F Thing,outnet,1
The F Thing,outlet,1
The F Thing,outlets,1
The F Thing,thing,1
The F Thing,thong,1
The F Thing,forwarding,1
The F Thing,thinges,1
The F Thing,forwarder,1
The F Thing,fwrd,1
The F Thing,nusantara,1
The F Thing,ｆｆ,1
The F Thing,forward,1
The F Thing,ff,1
The F Thing,fuzion,1
The F Thing,fusion,1
The F Thing,things,1
The F Thing,faap,1
The F Thing,fusy,1
The F Thing,fashion shops,1
The F Thing,fashion shopping apps,1
The F Thing,fashion shopping app,1
The F Thing,fashion shopping,1
The F Thing,shop fashion,1
The F Thing,paid apps,1
The F Thing,fashion shop,1
The F Thing,f lite,1
The F Thing,fashion app,1
MNC Shop,gshop,1
MNC Shop,gs25,1
MNC Shop,gsi,1
MNC Shop,terpercaya,1
MNC Shop,gsn,1
MNC Shop,hs,1
MNC Shop,mnc,1
MNC Shop,mnc mobile,1
MNC Shop,gd,1
MNC Shop,mmc,1
MNC Shop,gs,1
MNC Shop,mnctv,1
MNC Shop,rcti mobile,1
MNC Shop,gsr,1
MNC Shop,ga,1
MNC Shop,gss,1
MNC Shop,shopshop,1
MNC Shop,shopping shop,1
MNC Shop,house shop,1
MNC Shop,india shopping,1
Pedro,pedro,1
Pedro,bag,1
Pedro,footwear,1
Pedro,fashion accessories,1
Pedro,heels,1
Pedro,accessori,1
Pedro,handbag,1
Pedro,handbags,1
Pedro,accessoires,1
Pedro,bags,1
Pedro,shoe sales,1
Pedro,bagg,1
Pedro,accessory,1
Pedro,accessories,1
Pedro,catalog maker,1
Pedro,catalogs,1
Pedro,shoe shopping,1
Pedro,catalogue,1
Pedro,shoes,1
Pedro,shoe fashion,1
Pedro,pop style,1
Pedro,catalog,1
Pedro,heel,1
Pedro,shoe,1
Pedro,auwallet,1
Pedro,mallet,1
Pedro,walnut,1
Pedro,m wallet,1
Pedro,online wallet,1
Pedro,the mobile wallet,1
ARENA XPRNC,rino,1
ARENA XPRNC,based,1
ARENA XPRNC,arena mobile,1
ARENA XPRNC,arene,1
ARENA XPRNC,mobile arena,1
ARENA XPRNC,arena,1
ARENA XPRNC,clash arena,1
ARENA XPRNC,arema,1
ARENA XPRNC,dotarena,1
ARENA XPRNC,arenas,1
ARENA XPRNC,gsm arena,1
ARENA XPRNC,arena master,1
ARENA XPRNC,clb,1
ARENA XPRNC,clubs,1
ARENA XPRNC,club hottie,1
ARENA XPRNC,xlub,1
ARENA XPRNC,the croods,1
ARENA XPRNC,club,1
ARENA XPRNC,shopping guide,1
ARENA XPRNC,shopp,1
ARENA XPRNC,china shopping,1
ARENA XPRNC,discount shopping,1
ARENA XPRNC,shopping sales,1
Tiendeo C Catálogos y ofertas,tien,1
Tiendeo C Catálogos y ofertas,tienda,1
Tiendeo C Catálogos y ofertas,tiendas,1
Tiendeo C Catálogos y ofertas,tiendeo,1
Tiendeo C Catálogos y ofertas,tiendo,1
Tiendeo C Catálogos y ofertas,free offers,1
Tiendeo C Catálogos y ofertas,where to,1
Tiendeo C Catálogos y ofertas,catalogues,1
Tiendeo C Catálogos y ofertas,markerting,1
Tiendeo C Catálogos y ofertas,offers,1
Tiendeo C Catálogos y ofertas,e-marketing,1
Tiendeo C Catálogos y ofertas,whre,1
Tiendeo C Catálogos y ofertas,whwre,1
Tiendeo C Catálogos y ofertas,markering,1
Tiendeo C Catálogos y ofertas,markting,1
Tiendeo C Catálogos y ofertas,shop deals,1
Tiendeo C Catálogos y ofertas,where?,1
Tiendeo C Catálogos y ofertas,emarketing,1
Tiendeo C Catálogos y ofertas,marketer,1
Tiendeo C Catálogos y ofertas,marketingprofs,1
Tiendeo C Catálogos y ofertas,where,1
Tiendeo C Catálogos y ofertas,marketing management,1
Tiendeo C Catálogos y ofertas,network marketing,1
Tiendeo C Catálogos y ofertas,branding,1
Tiendeo C Catálogos y ofertas,social media marketing,1
Tiendeo C Catálogos y ofertas,digital marketing,1
Tiendeo C Catálogos y ofertas,marketing jobs,1
Tiendeo C Catálogos y ofertas,mana,1
ヤフオク!,yahoo japan,1
ヤフオク!,yahoo! japan,1
ヤフオク!,yahoo!japan,1
ヤフオク!,yahoo!仕,1
ヤフオク!,yahooショッピング,1
ヤフオク!,しょっぴんぐ,1
ヤフオク!,の,1
ヤフオク!,ふる,1
ヤフオク!,まんしょん,1
ヤフオク!,やふ,1
ヤフオク!,やふ?,1
ヤフオク!,やふう,1
ヤフオク!,やふおく,1
ヤフオク!,やふ`,1
ヤフオク!,やほ`,1
ヤフオク!,れでぃ`す,1
ヤフオク!,れ`と,1
ヤフオク!,ろせん,1
ヤフオク!,ショッピング,1
ヤフオク!,ショッピングモ`ル,1
ヤフオク!,ショピング,1
ヤフオク!,ノ,1
ヤフオク!,ヤフオク,1
ヤフオク!,ヤフ`,1
ヤフオク!,ヤフ`ショッピング,1
ヤフオク!,ロハコ,1
ヤフオク!,服,1
ヤフオク!,あぷり,1
ヤフオク!,こ,1
ヤフオク!,あ,1
VIP Plaza,flash sales,1
VIP Plaza,plaza,1
VIP Plaza,vip,1
VIP Plaza,vip plaza,1
VIP Plaza,vip vip,1
VIP Plaza,appvip,1
VIP Plaza,vep,1
VIP Plaza,ivp,1
VIP Plaza,vup,1
VIP Plaza,sales shop,1
VIP Plaza,ale,1
VIP Plaza,mysale,1
VIP Plaza,salle,1
VIP Plaza,brand sale,1
VIP Plaza,for sale by owner,1
VIP Plaza,onsale,1
VIP Plaza,for-sale,1
VIP Plaza,forsale,1
VIP Plaza,mobile sale,1
VIP Plaza,mobile sales,1
VIP Plaza,app sales,1
VIP Plaza,for sale,1
VIP Plaza,dlas,1
VIP Plaza,fkash,1
VIP Plaza,flas,1
VIP Plaza,flash clean,1
VIP Plaza,flash notify,1
VIP Plaza,flhas,1
VIP Plaza,flsa,1
Alfacart,alfacart,1
Alfacart,bayar online,1
Alfacart,online marketplace,1
Alfacart,bayar pulsa,1
Alfacart,marketplaces,1
Alfacart,online grocery,1
Alfacart,pulsa murah,1
Alfacart,bayar,1
Alfacart,muda,1
Alfacart,online food,1
Alfacart,pulsa online,1
Alfacart,agen pulsa,1
Alfacart,gratis pulsa,1
Alfacart,online market,1
Alfacart,beli pulsa,1
Alfacart,pulsa gratis,1
Alfacart,pulsa listrik,1
Alfacart,jual pulsa,1
Alfacart,isi pulsa,1
Alfacart,pulsa,1
日本乐天市场 - 乐购日本正货,global markets,1
日本乐天市场 - 乐购日本正货,rakuten,1
日本乐天市场 - 乐购日本正货,japanese style,1
日本乐天市场 - 乐购日本正货,S天,1
日本乐天市场 - 乐购日本正货,raku,1
日本乐天市场 - 乐购日本正货,shopping products,1
日本乐天市场 - 乐购日本正货,S,1
日本乐天市场 - 乐购日本正货,cashback shopping,1
日本乐天市场 - 乐购日本正货,sale product,1
日本乐天市场 - 乐购日本正货,ecommerce,1
日本乐天市场 - 乐购日本正货,cashback,1
日本乐天市场 - 乐购日本正货,sale discount,1
日本乐天市场 - 乐购日本正货,日,1
日本乐天市场 - 乐购日本正货,cash back,1
日本乐天市场 - 乐购日本正货,cash-back,1
日本乐天市场 - 乐购日本正货,ecomerce,1
日本乐天市场 - 乐购日本正货,cash back apps,1
日本乐天市场 - 乐购日本正货,cashback apps,1
日本乐天市场 - 乐购日本正货,日亚,1
日本乐天市场 - 乐购日本正货,日本 wifi,1
日本乐天市场 - 乐购日本正货,e-commerce,1
日本乐天市场 - 乐购日本正货,buy clothes,1
日本乐天市场 - 乐购日本正货,point-of-sale,1
日本乐天市场 - 乐购日本正货,fashion sales,1
日本乐天市场 - 乐购日本正货,millions,1
日本乐天市场 - 乐购日本正货,point of sale,1
Qoo10,perbelanjaan,1
Qoo10,qio,1
Qoo10,qoo10,1
Qoo10,qoo10 indonesia,1
Qoo10,qpost,1
Qoo10,qqq10,1
Qoo10,kmart,1
Qoo10,qoo app,1
Qoo10,shopping singapore,1
Qoo10,cupon,1
Qoo10,discount coupon,1
Qoo10,kupon,1
Qoo10,discount coupons,1
Qoo10,lakupon,1
Qoo10,restaurant coupon,1
Qoo10,coupon deals,1
Qoo10,food coupon,1
Qoo10,coupon code,1
Qoo10,cupons,1
Qoo10,dicount,1
Qoo10,coupns,1
Qoo10,coupones,1
Qoo10,coupons.com,1
Qoo10,coupon,1
Qoo10,coupon codes,1
Qoo10,discount,1
Qoo10,kfc coupon,1
Qoo10,discount card,1
Qoo10,disconto,1
Qoo10,quiz clothing,1
URBANSTORY,market place,1
URBANSTORY,nike sneaker,1
URBANSTORY,sneaker game,1
URBANSTORY,sneaker sale,1
URBANSTORY,hood,1
URBANSTORY,sneaker store,1
URBANSTORY,marketplace,1
URBANSTORY,sneaker release date,1
URBANSTORY,sneaker shop,1
URBANSTORY,digital business,1
URBANSTORY,sneaker app,1
URBANSTORY,arban,1
URBANSTORY,urban,1
URBANSTORY,urbane,1
URBANSTORY,jual beli online,1
URBANSTORY,place,1
URBANSTORY,jual beli,1
URBANSTORY,places,1
URBANSTORY,places',1
URBANSTORY,jualo,1
URBANSTORY,jualan,1
URBANSTORY,marketplace app,1
URBANSTORY,kaskus jual beli,1
URBANSTORY,marché,1
URBANSTORY,markey,1
URBANSTORY,market hours,1
URBANSTORY,jual,1
URBANSTORY,beli,1
URBANSTORY,markets app,1
Pasarwarga,cicil,1
Pasarwarga,cicilan,1
Pasarwarga,pwd,1
Pasarwarga,pwlite,1
Pasarwarga,hati,1
Pasarwarga,pw,1
Pasarwarga,pwl,1
Pasarwarga,shopping stores,1
Pasarwarga,estore,1
Pasarwarga,apstore,1
Pasarwarga,aap store,1
Pasarwarga,stores,1
Pasarwarga,free store application,1
Pasarwarga,store,1
Pasarwarga,apps market,1
Pasarwarga,mobile store,1
Pasarwarga,store app,1
Pasarwarga,apptoko,1
Pasarwarga,shopbob,1
Pasarwarga,cheap shop,1
Pasarwarga,sjop,1
Pasarwarga,shope,1
Pasarwarga,ahop,1
Pasarwarga,olshop,1
Pasarwarga,app marketing,1
Pasarwarga,next shopping,1
TukangSayur.co,sayuran,1
TukangSayur.co,sayur,1
TukangSayur.co,tukang,1
TukangSayur.co,coco app,1
TukangSayur.co,pasar,1
TukangSayur.co,apps co,1
TukangSayur.co,groceri,1
TukangSayur.co,grocieries,1
TukangSayur.co,groceries,1
TukangSayur.co,coco,1
TukangSayur.co,coc?,1
TukangSayur.co,grocery,1
TukangSayur.co,co,1
TukangSayur.co,grocery shopping,1
TukangSayur.co,discount shopping apps,1
TukangSayur.co,free shipping,1
TukangSayur.co,grocery shopping app,1
Cepat Cepat,handphone,1
Cepat Cepat,hadiah gratis,1
Cepat Cepat,gadget news,1
Cepat Cepat,hadiah,1
Cepat Cepat,harga handphone,1
Cepat Cepat,cepat,1
Cepat Cepat,gadgets,1
Cepat Cepat,gadget,1
Cepat Cepat,belanja,1
Cepat Cepat,belanja online,1
Cepat Cepat,blanja,1
Cepat Cepat,kamera tembus pandang,1
Cepat Cepat,kymera,1
Cepat Cepat,kamera cantik,1
Cepat Cepat,kaamera,1
Cepat Cepat,kamera mobile,1
Cepat Cepat,kkamera,1
Cepat Cepat,kmaera,1
Cepat Cepat,kmra,1
Cepat Cepat,kqmera,1
Cepat Cepat,ksmera,1
Cepat Cepat,kamernet,1
Cepat Cepat,kamera 360,1
Cepat Cepat,film kamera,1
Cepat Cepat,kamar,1
Cepat Cepat,kameras,1
Cepat Cepat,kamera,1
Cepat Cepat,aplikasi kamera,1
MisterBrewok,brewok,1
MisterBrewok,mister,1
MisterBrewok,ahmad,1
MisterBrewok,mr a,1
MisterBrewok,mr,1
YesStyle,yes,1
YesStyle,yesstyle,1
YesStyle,korean woman,1
YesStyle,tops,1
YesStyle,asian woman,1
YesStyle,fashion apparel,1
YesStyle,apparels,1
YesStyle,woman clothing,1
YesStyle,beauty apps for women,1
YesStyle,apparel,1
YesStyle,asian women,1
YesStyle,women's fashion clothing,1
YesStyle,woman's shopping,1
YesStyle,women's clothing,1
YesStyle,yws,1
YesStyle,woman shopping,1
YesStyle,makeup shop,1
YesStyle,cosmetics app,1
YesStyle,cosmetology,1
YesStyle,fashion clothing,1
YesStyle,fashion woman,1
YesStyle,fashion women,1
YesStyle,beauty shopping apps,1
YesStyle,clothing apps,1
YesStyle,clothing app,1
Smart Closet - 我的时尚风格,closet,1
Smart Closet - 我的时尚风格,closet organizer,1
Smart Closet - 我的时尚风格,polyvore,1
Smart Closet - 我的时尚风格,stylebook,1
Smart Closet - 我的时尚风格,fashion look,1
Smart Closet - 我的时尚风格,fashion style,1
Smart Closet - 我的时尚风格,style book,1
Smart Closet - 我的时尚风格,wardrobe organizer,1
Smart Closet - 我的时尚风格,cloth,1
Smart Closet - 我的时尚风格,wardrobe,1
Smart Closet - 我的时尚风格,plyvore,1
Smart Closet - 我的时尚风格,closest,1
Smart Closet - 我的时尚风格,closets,1
Smart Closet - 我的时尚风格,closed,1
Smart Closet - 我的时尚风格,garderobe,1
Smart Closet - 我的时尚风格,pollyanna,1
Smart Closet - 我的时尚风格,wardobe,1
Smart Closet - 我的时尚风格,rabb,1
Smart Closet - 我的时尚风格,closer,1
Smart Closet - 我的时尚风格,close,1
Smart Closet - 我的时尚风格,my closet,1
Smart Closet - 我的时尚风格,rabitt,1
Smart Closet - 我的时尚风格,rabbi,1
Smart Closet - 我的时尚风格,rabbit hole,1
Smart Closet - 我的时尚风格,rabid,1
Smart Closet - 我的时尚风格,rabbid,1
Smart Closet - 我的时尚风格,rabit,1
Smart Closet - 我的时尚风格,ribbet,1
Smart Closet - 我的时尚风格,rubbish,1
Smart Closet - 我的时尚风格,rabbits,1
welovehonda,honda,1
welovehonda,cbf,1
welovehonda,hunda,1
welovehonda,cbe,1
welovehonda,cbre,1
welovehonda,honda hrv,1
welovehonda,katalog,1
welovehonda,honda civic,1
welovehonda,cbr,1
welovehonda,ekatalog,1
welovehonda,astra,1
welovehonda,weq,1
welovehonda,cbr reader,1
welovehonda,lwe,1
welovehonda,motor klassik,1
welovehonda,motoren,1
welovehonda,motoheroz,1
welovehonda,motors,1
welovehonda,we,1
welovehonda,motorhead,1
welovehonda,motor,1
welovehonda,mptor,1
welovehonda,motores,1
welovehonda,mtor,1
welovehonda,cvr,1
welovehonda,morto,1
welovehonda,motori,1
welovehonda,motu,1
welovehonda,motor trader,1
welovehonda,cbz,1
END.,bap,1
END.,bapa,1
END.,bape,1
END.,baps,1
END.,bpe,1
END.,end,1
END.,stone island,1
END.,jordan sneakers,1
END.,yezzy,1
END.,adidas sneakers,1
END.,adidas,1
END.,adidas yeezy,1
END.,streetwear,1
END.,yeezy boost,1
END.,addidas,1
END.,adidas shoes,1
END.,adidas shop,1
END.,hypebeast,1
END.,jdsports,1
END.,sneakers,1
END.,streatwear,1
END.,yeezy,1
END.,parker,1
END.,stockx,1
END.,adi,1
END.,the end,1
END.,size,1
END.,ape,1
END.,goat,1
MY Watsons,personal care,1
MY Watsons,watson,1
MY Watsons,watson's,1
MY Watsons,watsons,1
MY Watsons,member,1
MY Watsons,personal shopping,1
MY Watsons,whats on,1
MY Watsons,skin beauty care,1
MY Watsons,skincare,1
MY Watsons,what's on,1
MY Watsons,members,1
MY Watsons,comestic,1
MY Watsons,promotions,1
MY Watsons,watsap,1
MY Watsons,healthcare,1
MY Watsons,myshopping,1
MY Watsons,cosmetic,1
MY Watsons,watzon,1
MY Watsons,skin beauty,1
MY Watsons,beauty shopping app,1
MY Watsons,health services,1
MY Watsons,promotion,1
MY Watsons,skin care,1
MY Watsons,cosmetics,1
MY Watsons,sdn,1
MY Watsons,bhf,1
MY Watsons,gst malaysia,1
MY Watsons,malaya,1
MY Watsons,sdb,1
MY Watsons,my health,1
